date,heure,motif,disponibilite
05_15_22,18_23_33,depot_1er_TDS,0
05_15_22,18_24_36,renouvelement_TDS,0
05_15_22,18_26_00,retrait_TDS,0
05_15_22,18_27_24,retrait_recepisse,0
05_15_22,18_29_09,retrait_DCEM_TVR_TIV,0
05_15_22,18_30_13,regularisation_sejour,0
05_15_22,19_01_48,depot_1er_TDS,0
05_15_22,19_03_13,renouvelement_TDS,0
05_15_22,19_04_58,retrait_TDS,0
05_15_22,19_06_23,retrait_recepisse,0
05_15_22,19_07_47,retrait_DCEM_TVR_TIV,0
05_15_22,19_09_32,regularisation_sejour,0
05_15_22,20_01_48,depot_1er_TDS,0
05_15_22,20_03_12,renouvelement_TDS,0
05_15_22,20_04_38,retrait_TDS,0
05_15_22,20_05_41,retrait_recepisse,0
05_15_22,20_07_05,retrait_DCEM_TVR_TIV,0
05_15_22,20_08_51,regularisation_sejour,0
05_15_22,22_01_51,depot_1er_TDS,0
05_15_22,22_02_54,renouvelement_TDS,0
05_15_22,22_04_18,retrait_TDS,0
05_15_22,22_05_42,retrait_recepisse,0
05_15_22,22_06_45,retrait_DCEM_TVR_TIV,0
05_15_22,22_08_10,regularisation_sejour,0
05_15_22,23_01_47,depot_1er_TDS,0
05_15_22,23_03_11,renouvelement_TDS,0
05_15_22,23_04_56,retrait_TDS,0
05_15_22,23_06_21,retrait_recepisse,0
05_15_22,23_07_24,retrait_DCEM_TVR_TIV,0
05_15_22,23_09_09,regularisation_sejour,0
05_16_22,00_01_47,depot_1er_TDS,1
05_16_22,00_03_12,renouvelement_TDS,1
05_16_22,00_04_36,retrait_TDS,0
05_16_22,00_06_00,retrait_recepisse,0
05_16_22,00_07_03,retrait_DCEM_TVR_TIV,1
05_16_22,00_08_11,regularisation_sejour,1
05_16_22,01_01_47,depot_1er_TDS,1
05_16_22,01_02_51,renouvelement_TDS,1
05_16_22,01_04_36,retrait_TDS,0
05_16_22,01_06_00,retrait_recepisse,0
05_16_22,01_07_03,retrait_DCEM_TVR_TIV,1
05_16_22,01_08_06,regularisation_sejour,1
05_16_22,02_01_50,depot_1er_TDS,1
05_16_22,02_03_14,renouvelement_TDS,1
05_16_22,02_04_59,retrait_TDS,0
05_16_22,02_06_02,retrait_recepisse,0
05_16_22,02_07_05,retrait_DCEM_TVR_TIV,1
05_16_22,02_08_30,regularisation_sejour,1
05_16_22,03_01_48,depot_1er_TDS,1
05_16_22,03_02_51,renouvelement_TDS,1
05_16_22,03_03_54,retrait_TDS,0
05_16_22,03_05_18,retrait_recepisse,0
05_16_22,03_06_42,retrait_DCEM_TVR_TIV,1
05_16_22,03_07_45,regularisation_sejour,1
05_16_22,04_01_46,depot_1er_TDS,1
05_16_22,04_02_49,renouvelement_TDS,1
05_16_22,04_03_52,retrait_TDS,0
05_16_22,04_04_56,retrait_recepisse,0
05_16_22,04_05_59,retrait_DCEM_TVR_TIV,1
05_16_22,04_07_23,regularisation_sejour,1
05_16_22,05_01_45,depot_1er_TDS,1
05_16_22,05_02_49,renouvelement_TDS,1
05_16_22,05_03_53,retrait_TDS,0
05_16_22,05_05_17,retrait_recepisse,0
05_16_22,05_06_20,retrait_DCEM_TVR_TIV,0
05_16_22,05_07_45,regularisation_sejour,1
05_16_22,06_02_09,depot_1er_TDS,1
05_16_22,06_03_13,renouvelement_TDS,1
05_16_22,06_04_16,retrait_TDS,0
05_16_22,06_05_20,retrait_recepisse,0
05_16_22,06_06_23,retrait_DCEM_TVR_TIV,0
05_16_22,06_07_26,regularisation_sejour,1
05_16_22,07_01_50,depot_1er_TDS,1
05_16_22,07_02_53,renouvelement_TDS,1
05_16_22,07_04_35,retrait_TDS,0
05_16_22,07_06_00,retrait_recepisse,0
05_16_22,07_07_08,retrait_DCEM_TVR_TIV,0
05_16_22,07_08_12,regularisation_sejour,1
05_16_22,08_01_47,depot_1er_TDS,1
05_16_22,08_02_50,renouvelement_TDS,1
05_16_22,08_04_57,retrait_TDS,0
05_16_22,08_06_21,retrait_recepisse,0
05_16_22,08_07_24,retrait_DCEM_TVR_TIV,0
05_16_22,08_08_50,regularisation_sejour,1
05_16_22,09_01_48,depot_1er_TDS,1
05_16_22,09_02_51,renouvelement_TDS,1
05_16_22,09_03_57,retrait_TDS,1
05_16_22,09_05_02,retrait_recepisse,0
05_16_22,09_06_26,retrait_DCEM_TVR_TIV,0
05_16_22,09_07_32,regularisation_sejour,1
05_16_22,10_01_47,depot_1er_TDS,1
05_16_22,10_02_50,renouvelement_TDS,1
05_16_22,10_03_53,retrait_TDS,0
05_16_22,10_04_56,retrait_recepisse,0
05_16_22,10_06_00,retrait_DCEM_TVR_TIV,0
05_16_22,10_07_04,regularisation_sejour,1
05_16_22,11_01_48,depot_1er_TDS,1
05_16_22,11_03_12,renouvelement_TDS,0
05_16_22,11_04_15,retrait_TDS,0
05_16_22,11_05_19,retrait_recepisse,0
05_16_22,11_07_07,retrait_DCEM_TVR_TIV,0
05_16_22,11_08_11,regularisation_sejour,1
05_16_22,12_01_50,depot_1er_TDS,1
05_16_22,12_03_15,renouvelement_TDS,0
05_16_22,12_04_40,retrait_TDS,0
05_16_22,12_05_43,retrait_recepisse,0
05_16_22,12_07_08,retrait_DCEM_TVR_TIV,0
05_16_22,12_08_13,regularisation_sejour,1
05_16_22,13_01_47,depot_1er_TDS,1
05_16_22,13_02_50,renouvelement_TDS,0
05_16_22,13_04_15,retrait_TDS,0
05_16_22,13_05_18,retrait_recepisse,0
05_16_22,13_07_05,retrait_DCEM_TVR_TIV,0
05_16_22,13_08_09,regularisation_sejour,1
05_16_22,14_01_47,depot_1er_TDS,1
05_16_22,14_02_51,renouvelement_TDS,0
05_16_22,14_03_56,retrait_TDS,0
05_16_22,14_05_00,retrait_recepisse,0
05_16_22,14_06_05,retrait_DCEM_TVR_TIV,0
05_16_22,14_07_52,regularisation_sejour,1
05_16_22,15_01_45,depot_1er_TDS,1
05_16_22,15_03_10,renouvelement_TDS,0
05_16_22,15_04_34,retrait_TDS,0
05_16_22,15_05_58,retrait_recepisse,0
05_16_22,15_07_25,retrait_DCEM_TVR_TIV,0
05_16_22,15_09_13,regularisation_sejour,1
05_16_22,16_01_48,depot_1er_TDS,1
05_16_22,16_02_52,renouvelement_TDS,0
05_16_22,16_04_16,retrait_TDS,0
05_16_22,16_05_19,retrait_recepisse,0
05_16_22,16_06_25,retrait_DCEM_TVR_TIV,0
05_16_22,16_07_51,regularisation_sejour,1
05_16_22,17_01_45,depot_1er_TDS,1
05_16_22,17_02_48,renouvelement_TDS,0
05_16_22,17_04_13,retrait_TDS,0
05_16_22,17_05_59,retrait_recepisse,0
05_16_22,17_07_05,retrait_DCEM_TVR_TIV,0
05_16_22,17_08_10,regularisation_sejour,1
05_16_22,18_01_46,depot_1er_TDS,1
05_16_22,18_02_49,renouvelement_TDS,0
05_16_22,18_03_52,retrait_TDS,0
05_16_22,18_04_55,retrait_recepisse,0
05_16_22,18_05_58,retrait_DCEM_TVR_TIV,0
05_16_22,18_07_45,regularisation_sejour,1
05_16_22,19_01_46,depot_1er_TDS,1
05_16_22,19_02_49,renouvelement_TDS,0
05_16_22,19_04_13,retrait_TDS,0
05_16_22,19_05_58,retrait_recepisse,0
05_16_22,19_07_02,retrait_DCEM_TVR_TIV,0
05_16_22,19_08_06,regularisation_sejour,1
05_16_22,20_01_47,depot_1er_TDS,0
05_16_22,20_02_50,renouvelement_TDS,0
05_16_22,20_04_14,retrait_TDS,0
05_16_22,20_05_59,retrait_recepisse,0
05_16_22,20_07_02,retrait_DCEM_TVR_TIV,0
05_16_22,20_08_26,regularisation_sejour,1
05_16_22,21_01_48,depot_1er_TDS,0
05_16_22,21_03_12,renouvelement_TDS,0
05_16_22,21_04_57,retrait_TDS,0
05_16_22,21_06_21,retrait_recepisse,1
05_16_22,21_07_25,retrait_DCEM_TVR_TIV,0
05_16_22,21_08_29,regularisation_sejour,1
05_16_22,22_02_07,depot_1er_TDS,0
05_16_22,22_03_31,renouvelement_TDS,0
05_16_22,22_04_55,retrait_TDS,0
05_16_22,22_05_58,retrait_recepisse,0
05_16_22,22_07_01,retrait_DCEM_TVR_TIV,0
05_16_22,22_08_04,regularisation_sejour,1
05_16_22,23_01_46,depot_1er_TDS,0
05_16_22,23_02_49,renouvelement_TDS,0
05_16_22,23_04_14,retrait_TDS,0
05_16_22,23_05_38,retrait_recepisse,0
05_16_22,23_06_41,retrait_DCEM_TVR_TIV,0
05_16_22,23_08_26,regularisation_sejour,1
05_17_22,00_02_07,depot_1er_TDS,0
05_17_22,00_03_10,renouvelement_TDS,0
05_17_22,00_04_55,retrait_TDS,0
05_17_22,00_06_40,retrait_recepisse,0
05_17_22,00_08_25,retrait_DCEM_TVR_TIV,0
05_17_22,00_10_11,regularisation_sejour,1
05_17_22,01_01_07,depot_1er_TDS,0
05_17_22,01_02_11,renouvelement_TDS,0
05_17_22,01_03_15,retrait_TDS,0
05_17_22,01_04_40,retrait_recepisse,0
05_17_22,01_06_04,retrait_DCEM_TVR_TIV,0
05_17_22,01_07_28,regularisation_sejour,1
05_17_22,02_01_06,depot_1er_TDS,0
05_17_22,02_02_31,renouvelement_TDS,0
05_17_22,02_04_16,retrait_TDS,0
05_17_22,02_05_18,retrait_recepisse,0
05_17_22,02_07_05,retrait_DCEM_TVR_TIV,0
05_17_22,02_08_08,regularisation_sejour,1
05_17_22,03_01_07,depot_1er_TDS,0
05_17_22,03_02_31,renouvelement_TDS,0
05_17_22,03_03_55,retrait_TDS,0
05_17_22,03_05_19,retrait_recepisse,0
05_17_22,03_06_44,retrait_DCEM_TVR_TIV,0
05_17_22,03_07_47,regularisation_sejour,1
05_17_22,04_01_07,depot_1er_TDS,0
05_17_22,04_02_10,renouvelement_TDS,0
05_17_22,04_03_13,retrait_TDS,0
05_17_22,04_04_58,retrait_recepisse,0
05_17_22,04_06_02,retrait_DCEM_TVR_TIV,0
05_17_22,04_07_27,regularisation_sejour,1
05_17_22,05_01_07,depot_1er_TDS,0
05_17_22,05_02_11,renouvelement_TDS,0
05_17_22,05_03_14,retrait_TDS,0
05_17_22,05_04_17,retrait_recepisse,0
05_17_22,05_05_21,retrait_DCEM_TVR_TIV,0
05_17_22,05_06_24,regularisation_sejour,1
05_17_22,06_01_07,depot_1er_TDS,0
05_17_22,06_02_10,renouvelement_TDS,0
05_17_22,06_03_34,retrait_TDS,0
05_17_22,06_04_37,retrait_recepisse,0
05_17_22,06_06_01,retrait_DCEM_TVR_TIV,0
05_17_22,06_07_04,regularisation_sejour,1
05_17_22,07_01_07,depot_1er_TDS,0
05_17_22,07_02_31,renouvelement_TDS,0
05_17_22,07_03_35,retrait_TDS,0
05_17_22,07_04_59,retrait_recepisse,0
05_17_22,07_06_24,retrait_DCEM_TVR_TIV,0
05_17_22,07_07_27,regularisation_sejour,1
05_17_22,08_01_08,depot_1er_TDS,0
05_17_22,08_02_12,renouvelement_TDS,0
05_17_22,08_03_15,retrait_TDS,0
05_17_22,08_04_40,retrait_recepisse,0
05_17_22,08_06_05,retrait_DCEM_TVR_TIV,0
05_17_22,08_07_11,regularisation_sejour,1
05_17_22,09_01_08,depot_1er_TDS,0
05_17_22,09_02_33,renouvelement_TDS,0
05_17_22,09_03_57,retrait_TDS,0
05_17_22,09_05_01,retrait_recepisse,0
05_17_22,09_06_25,retrait_DCEM_TVR_TIV,0
05_17_22,09_07_31,regularisation_sejour,0
05_17_22,10_01_07,depot_1er_TDS,0
05_17_22,10_02_32,renouvelement_TDS,0
05_17_22,10_03_56,retrait_TDS,1
05_17_22,10_06_01,retrait_recepisse,1
05_17_22,10_07_48,retrait_DCEM_TVR_TIV,0
05_17_22,10_09_35,regularisation_sejour,0
05_17_22,11_01_09,depot_1er_TDS,0
05_17_22,11_02_12,renouvelement_TDS,0
05_17_22,11_03_38,retrait_TDS,1
05_17_22,11_05_22,retrait_recepisse,1
05_17_22,11_07_27,retrait_DCEM_TVR_TIV,0
05_17_22,11_08_52,regularisation_sejour,0
05_17_22,12_01_09,depot_1er_TDS,0
05_17_22,12_02_33,renouvelement_TDS,0
05_17_22,12_03_36,retrait_TDS,1
05_17_22,12_05_22,retrait_recepisse,0
05_17_22,12_06_47,retrait_DCEM_TVR_TIV,0
05_17_22,12_07_50,regularisation_sejour,0
05_17_22,13_01_07,depot_1er_TDS,0
05_17_22,13_02_32,renouvelement_TDS,0
05_17_22,13_03_57,retrait_TDS,1
05_17_22,13_06_03,retrait_recepisse,1
05_17_22,13_07_47,retrait_DCEM_TVR_TIV,0
05_17_22,13_09_33,regularisation_sejour,0
05_17_22,14_01_06,depot_1er_TDS,0
05_17_22,14_02_09,renouvelement_TDS,0
05_17_22,14_03_16,retrait_TDS,1
05_17_22,14_04_40,retrait_recepisse,0
05_17_22,14_06_09,retrait_DCEM_TVR_TIV,0
05_17_22,14_07_12,regularisation_sejour,0
05_17_22,15_01_07,depot_1er_TDS,0
05_17_22,15_02_10,renouvelement_TDS,0
05_17_22,15_03_14,retrait_TDS,1
05_17_22,15_04_59,retrait_recepisse,0
05_17_22,15_06_24,retrait_DCEM_TVR_TIV,0
05_17_22,15_07_29,regularisation_sejour,0
05_17_22,16_01_06,depot_1er_TDS,0
05_17_22,16_02_09,renouvelement_TDS,0
05_17_22,16_03_12,retrait_TDS,1
05_17_22,16_04_57,retrait_recepisse,0
05_17_22,16_06_43,retrait_DCEM_TVR_TIV,0
05_17_22,16_07_49,regularisation_sejour,0
05_17_22,17_01_07,depot_1er_TDS,0
05_17_22,17_02_10,renouvelement_TDS,0
05_17_22,17_03_14,retrait_TDS,1
05_17_22,17_04_58,retrait_recepisse,0
05_17_22,17_06_43,retrait_DCEM_TVR_TIV,0
05_17_22,17_07_48,regularisation_sejour,1
05_17_22,18_01_07,depot_1er_TDS,0
05_17_22,18_02_32,renouvelement_TDS,0
05_17_22,18_03_56,retrait_TDS,1
05_17_22,18_05_40,retrait_recepisse,0
05_17_22,18_07_25,retrait_DCEM_TVR_TIV,0
05_17_22,18_09_11,regularisation_sejour,1
05_17_22,19_01_10,depot_1er_TDS,0
05_17_22,19_02_35,renouvelement_TDS,0
05_17_22,19_04_20,retrait_TDS,0
05_17_22,19_05_23,retrait_recepisse,0
05_17_22,19_06_27,retrait_DCEM_TVR_TIV,0
05_17_22,19_07_51,regularisation_sejour,1
05_17_22,20_01_09,depot_1er_TDS,0
05_17_22,20_02_12,renouvelement_TDS,0
05_17_22,20_03_37,retrait_TDS,1
05_17_22,20_05_00,retrait_recepisse,0
05_17_22,20_06_05,retrait_DCEM_TVR_TIV,0
05_17_22,20_07_08,regularisation_sejour,1
05_17_22,21_01_29,depot_1er_TDS,0
05_17_22,21_02_31,renouvelement_TDS,0
05_17_22,21_03_56,retrait_TDS,1
05_17_22,21_05_18,retrait_recepisse,0
05_17_22,21_06_43,retrait_DCEM_TVR_TIV,0
05_17_22,21_07_46,regularisation_sejour,1
05_17_22,22_01_28,depot_1er_TDS,0
05_17_22,22_02_52,renouvelement_TDS,0
05_17_22,22_04_37,retrait_TDS,0
05_17_22,22_05_40,retrait_recepisse,0
05_17_22,22_06_43,retrait_DCEM_TVR_TIV,0
05_17_22,22_08_07,regularisation_sejour,0
05_18_22,00_01_46,depot_1er_TDS,0
05_18_22,00_02_49,renouvelement_TDS,0
05_18_22,00_04_12,retrait_TDS,0
05_18_22,00_05_36,retrait_recepisse,0
05_18_22,00_06_40,retrait_DCEM_TVR_TIV,0
05_18_22,00_07_43,regularisation_sejour,0
05_18_22,01_02_07,depot_1er_TDS,0
05_18_22,01_03_10,renouvelement_TDS,0
05_18_22,01_04_17,retrait_TDS,0
05_18_22,01_05_41,retrait_recepisse,0
05_18_22,01_07_05,retrait_DCEM_TVR_TIV,0
05_18_22,01_08_08,regularisation_sejour,0
05_18_22,02_01_46,depot_1er_TDS,0
05_18_22,02_03_12,renouvelement_TDS,0
05_18_22,02_04_36,retrait_TDS,0
05_18_22,02_06_00,retrait_recepisse,0
05_18_22,02_07_04,retrait_DCEM_TVR_TIV,0
05_18_22,02_08_07,regularisation_sejour,0
05_18_22,03_02_11,depot_1er_TDS,0
05_18_22,03_03_14,renouvelement_TDS,0
05_18_22,03_05_00,retrait_TDS,0
05_18_22,03_06_04,retrait_recepisse,0
05_18_22,03_07_11,retrait_DCEM_TVR_TIV,0
05_18_22,03_08_14,regularisation_sejour,0
05_18_22,04_01_46,depot_1er_TDS,0
05_18_22,04_03_10,renouvelement_TDS,0
05_18_22,04_04_13,retrait_TDS,0
05_18_22,04_05_16,retrait_recepisse,0
05_18_22,04_06_41,retrait_DCEM_TVR_TIV,0
05_18_22,04_07_43,regularisation_sejour,0
05_18_22,05_01_47,depot_1er_TDS,0
05_18_22,05_02_50,renouvelement_TDS,0
05_18_22,05_03_54,retrait_TDS,0
05_18_22,05_04_57,retrait_recepisse,0
05_18_22,05_06_21,retrait_DCEM_TVR_TIV,0
05_18_22,05_07_24,regularisation_sejour,0
05_18_22,06_01_47,depot_1er_TDS,0
05_18_22,06_03_11,renouvelement_TDS,0
05_18_22,06_04_57,retrait_TDS,0
05_18_22,06_06_01,retrait_recepisse,0
05_18_22,06_07_06,retrait_DCEM_TVR_TIV,0
05_18_22,06_08_30,regularisation_sejour,0
05_18_22,07_02_07,depot_1er_TDS,0
05_18_22,07_03_10,renouvelement_TDS,0
05_18_22,07_04_35,retrait_TDS,0
05_18_22,07_06_00,retrait_recepisse,0
05_18_22,07_07_24,retrait_DCEM_TVR_TIV,0
05_18_22,07_09_10,regularisation_sejour,0
05_18_22,17_49_08,depot_1er_TDS,0
05_18_22,17_50_11,renouvelement_TDS,0
05_18_22,17_51_35,retrait_TDS,1
05_18_22,17_52_58,retrait_recepisse,0
05_18_22,17_54_25,retrait_DCEM_TVR_TIV,0
05_18_22,17_55_49,regularisation_sejour,1
05_18_22,18_01_46,depot_1er_TDS,0
05_18_22,18_02_50,renouvelement_TDS,0
05_18_22,18_04_14,retrait_TDS,1
05_18_22,18_05_37,retrait_recepisse,0
05_18_22,18_07_02,retrait_DCEM_TVR_TIV,0
05_18_22,18_08_05,regularisation_sejour,1
05_18_22,19_01_45,depot_1er_TDS,0
05_18_22,19_02_48,renouvelement_TDS,0
05_18_22,19_04_12,retrait_TDS,1
05_18_22,19_05_56,retrait_recepisse,0
05_18_22,19_07_41,retrait_DCEM_TVR_TIV,0
05_18_22,19_09_07,regularisation_sejour,1
05_18_22,20_01_46,depot_1er_TDS,0
05_18_22,20_02_50,renouvelement_TDS,0
05_18_22,20_04_13,retrait_TDS,1
05_18_22,20_05_36,retrait_recepisse,0
05_18_22,20_07_21,retrait_DCEM_TVR_TIV,0
05_18_22,20_08_46,regularisation_sejour,1
05_18_22,21_01_46,depot_1er_TDS,0
05_18_22,21_02_50,renouvelement_TDS,0
05_18_22,21_03_53,retrait_TDS,1
05_18_22,21_06_00,retrait_recepisse,0
05_18_22,21_07_24,retrait_DCEM_TVR_TIV,0
05_18_22,21_08_31,regularisation_sejour,1
05_18_22,22_01_46,depot_1er_TDS,0
05_18_22,22_02_51,renouvelement_TDS,0
05_18_22,22_04_36,retrait_TDS,1
05_18_22,22_06_20,retrait_recepisse,0
05_18_22,22_07_23,retrait_DCEM_TVR_TIV,0
05_18_22,22_08_27,regularisation_sejour,1
05_18_22,23_01_55,depot_1er_TDS,0
05_18_22,23_03_00,renouvelement_TDS,0
05_18_22,23_04_03,retrait_TDS,1
05_18_22,23_05_26,retrait_recepisse,0
05_18_22,23_06_30,retrait_DCEM_TVR_TIV,0
05_18_22,23_07_54,regularisation_sejour,1
05_19_22,00_02_07,depot_1er_TDS,0
05_19_22,00_03_10,renouvelement_TDS,0
05_19_22,00_04_34,retrait_TDS,1
05_19_22,00_05_57,retrait_recepisse,0
05_19_22,00_07_00,retrait_DCEM_TVR_TIV,0
05_19_22,00_08_03,regularisation_sejour,1
05_19_22,01_01_47,depot_1er_TDS,0
05_19_22,01_02_51,renouvelement_TDS,0
05_19_22,01_04_37,retrait_TDS,1
05_19_22,01_06_21,retrait_recepisse,0
05_19_22,01_07_45,retrait_DCEM_TVR_TIV,0
05_19_22,01_09_31,regularisation_sejour,1
05_19_22,02_01_45,depot_1er_TDS,0
05_19_22,02_02_48,renouvelement_TDS,0
05_19_22,02_04_13,retrait_TDS,1
05_19_22,02_05_57,retrait_recepisse,0
05_19_22,02_07_00,retrait_DCEM_TVR_TIV,0
05_19_22,02_08_03,regularisation_sejour,1
05_19_22,03_01_46,depot_1er_TDS,0
05_19_22,03_02_49,renouvelement_TDS,0
05_19_22,03_03_53,retrait_TDS,1
05_19_22,03_05_17,retrait_recepisse,0
05_19_22,03_06_42,retrait_DCEM_TVR_TIV,0
05_19_22,03_07_44,regularisation_sejour,1
05_19_22,04_01_45,depot_1er_TDS,0
05_19_22,04_02_48,renouvelement_TDS,0
05_19_22,04_04_12,retrait_TDS,1
05_19_22,04_05_35,retrait_recepisse,0
05_19_22,04_06_59,retrait_DCEM_TVR_TIV,0
05_19_22,04_08_03,regularisation_sejour,1
05_19_22,05_01_45,depot_1er_TDS,0
05_19_22,05_02_49,renouvelement_TDS,0
05_19_22,05_03_52,retrait_TDS,1
05_19_22,05_05_36,retrait_recepisse,0
05_19_22,05_06_40,retrait_DCEM_TVR_TIV,0
05_19_22,05_07_43,regularisation_sejour,1
05_19_22,06_01_45,depot_1er_TDS,0
05_19_22,06_03_10,renouvelement_TDS,0
05_19_22,06_04_55,retrait_TDS,1
05_19_22,06_06_39,retrait_recepisse,0
05_19_22,06_07_42,retrait_DCEM_TVR_TIV,0
05_19_22,06_08_46,regularisation_sejour,1
05_19_22,07_01_45,depot_1er_TDS,0
05_19_22,07_03_09,renouvelement_TDS,0
05_19_22,07_04_12,retrait_TDS,1
05_19_22,07_05_56,retrait_recepisse,0
05_19_22,07_07_43,retrait_DCEM_TVR_TIV,0
05_19_22,07_08_49,regularisation_sejour,1
05_19_22,08_01_45,depot_1er_TDS,0
05_19_22,08_03_09,renouvelement_TDS,0
05_19_22,08_04_34,retrait_TDS,1
05_19_22,08_06_18,retrait_recepisse,0
05_19_22,08_07_21,retrait_DCEM_TVR_TIV,0
05_19_22,08_08_46,regularisation_sejour,1
05_19_22,09_01_45,depot_1er_TDS,0
05_19_22,09_03_10,renouvelement_TDS,0
05_19_22,09_04_14,retrait_TDS,1
05_19_22,09_05_58,retrait_recepisse,0
05_19_22,09_07_02,retrait_DCEM_TVR_TIV,0
05_19_22,09_08_07,regularisation_sejour,1
05_19_22,10_01_41,depot_1er_TDS,0
05_19_22,10_02_44,renouvelement_TDS,0
05_19_22,10_04_09,retrait_TDS,1
05_19_22,10_05_53,retrait_recepisse,0
05_19_22,10_07_38,retrait_DCEM_TVR_TIV,0
05_19_22,10_09_04,regularisation_sejour,1
05_19_22,11_01_43,depot_1er_TDS,0
05_19_22,11_02_46,renouvelement_TDS,0
05_19_22,11_03_49,retrait_TDS,1
05_19_22,11_05_12,retrait_recepisse,0
05_19_22,11_06_58,retrait_DCEM_TVR_TIV,0
05_19_22,11_08_02,regularisation_sejour,1
05_19_22,12_01_40,depot_1er_TDS,0
05_19_22,12_02_43,renouvelement_TDS,0
05_19_22,12_03_47,retrait_TDS,0
05_19_22,12_05_32,retrait_recepisse,0
05_19_22,12_06_36,retrait_DCEM_TVR_TIV,0
05_19_22,12_07_41,regularisation_sejour,1
05_19_22,13_01_41,depot_1er_TDS,0
05_19_22,13_02_48,renouvelement_TDS,0
05_19_22,13_04_13,retrait_TDS,1
05_19_22,13_05_36,retrait_recepisse,0
05_19_22,13_06_42,retrait_DCEM_TVR_TIV,0
05_19_22,13_07_48,regularisation_sejour,1
05_19_22,14_01_42,depot_1er_TDS,0
05_19_22,14_03_06,renouvelement_TDS,0
05_19_22,14_04_10,retrait_TDS,0
05_19_22,14_05_35,retrait_recepisse,0
05_19_22,14_06_38,retrait_DCEM_TVR_TIV,0
05_19_22,14_07_42,regularisation_sejour,1
05_19_22,15_01_42,depot_1er_TDS,0
05_19_22,15_02_46,renouvelement_TDS,0
05_19_22,15_04_12,retrait_TDS,0
05_19_22,15_05_36,retrait_recepisse,0
05_19_22,15_07_02,retrait_DCEM_TVR_TIV,0
05_19_22,15_08_06,regularisation_sejour,1
05_19_22,16_01_41,depot_1er_TDS,0
05_19_22,16_02_44,renouvelement_TDS,0
05_19_22,16_04_08,retrait_TDS,1
05_19_22,16_05_53,retrait_recepisse,0
05_19_22,16_07_19,retrait_DCEM_TVR_TIV,0
05_19_22,16_08_44,regularisation_sejour,1
05_19_22,17_01_40,depot_1er_TDS,0
05_19_22,17_02_43,renouvelement_TDS,0
05_19_22,17_04_08,retrait_TDS,1
05_19_22,17_05_32,retrait_recepisse,0
05_19_22,17_06_37,retrait_DCEM_TVR_TIV,0
05_19_22,17_07_41,regularisation_sejour,1
05_19_22,18_01_41,depot_1er_TDS,0
05_19_22,18_02_45,renouvelement_TDS,0
05_19_22,18_03_49,retrait_TDS,1
05_19_22,18_05_12,retrait_recepisse,0
05_19_22,18_06_37,retrait_DCEM_TVR_TIV,0
05_19_22,18_07_40,regularisation_sejour,1
05_19_22,19_01_42,depot_1er_TDS,0
05_19_22,19_02_46,renouvelement_TDS,0
05_19_22,19_04_31,retrait_TDS,0
05_19_22,19_05_34,retrait_recepisse,0
05_19_22,19_07_35,retrait_DCEM_TVR_TIV,0
05_19_22,19_08_39,regularisation_sejour,1
05_19_22,20_00_59,depot_1er_TDS,0
05_19_22,20_01_20,renouvelement_TDS,0
05_19_22,20_01_40,retrait_TDS,0
05_19_22,20_02_02,retrait_recepisse,0
05_19_22,20_02_23,retrait_DCEM_TVR_TIV,0
05_19_22,20_02_44,regularisation_sejour,1
05_19_22,21_00_58,depot_1er_TDS,0
05_19_22,21_01_19,renouvelement_TDS,0
05_19_22,21_01_39,retrait_TDS,0
05_19_22,21_02_00,retrait_recepisse,0
05_19_22,21_02_21,retrait_DCEM_TVR_TIV,0
05_19_22,21_02_42,regularisation_sejour,1
05_20_22,00_00_59,depot_1er_TDS,0
05_20_22,00_01_20,renouvelement_TDS,0
05_20_22,00_01_41,retrait_TDS,0
05_20_22,00_02_02,retrait_recepisse,0
05_20_22,00_02_23,retrait_DCEM_TVR_TIV,0
05_20_22,00_02_44,regularisation_sejour,1
05_20_22,17_44_32,depot_1er_TDS,0
05_20_22,17_44_54,renouvelement_TDS,0
05_20_22,17_45_15,retrait_TDS,0
05_20_22,17_45_36,retrait_recepisse,0
05_20_22,17_45_58,retrait_DCEM_TVR_TIV,0
05_20_22,17_46_21,regularisation_sejour,1
05_20_22,18_00_23,depot_1er_TDS,0
05_20_22,18_00_44,renouvelement_TDS,0
05_20_22,18_01_05,retrait_TDS,0
05_20_22,18_01_26,retrait_recepisse,0
05_20_22,18_01_47,retrait_DCEM_TVR_TIV,0
05_20_22,18_02_08,regularisation_sejour,1
05_20_22,19_00_24,depot_1er_TDS,0
05_20_22,19_00_45,renouvelement_TDS,0
05_20_22,19_01_06,retrait_TDS,0
05_20_22,19_01_27,retrait_recepisse,0
05_20_22,19_01_49,retrait_DCEM_TVR_TIV,0
05_20_22,19_02_11,regularisation_sejour,1
05_20_22,21_00_25,depot_1er_TDS,0
05_20_22,21_00_45,renouvelement_TDS,0
05_20_22,21_01_06,retrait_TDS,0
05_20_22,21_01_27,retrait_recepisse,0
05_20_22,21_01_48,retrait_DCEM_TVR_TIV,0
05_20_22,21_02_09,regularisation_sejour,1
05_21_22,00_01_05,depot_1er_TDS,0
05_21_22,00_01_26,renouvelement_TDS,0
05_21_22,00_01_47,retrait_TDS,0
05_21_22,00_02_08,retrait_recepisse,0
05_21_22,00_02_29,retrait_DCEM_TVR_TIV,0
05_21_22,00_02_50,regularisation_sejour,1
05_21_22,01_01_04,depot_1er_TDS,0
05_21_22,01_01_26,renouvelement_TDS,0
05_21_22,01_01_47,retrait_TDS,0
05_21_22,01_02_07,retrait_recepisse,0
05_21_22,01_02_28,retrait_DCEM_TVR_TIV,0
05_21_22,01_02_49,regularisation_sejour,1
05_21_22,02_01_04,depot_1er_TDS,0
05_21_22,02_01_25,renouvelement_TDS,0
05_21_22,02_01_47,retrait_TDS,0
05_21_22,02_02_08,retrait_recepisse,0
05_21_22,02_02_28,retrait_DCEM_TVR_TIV,0
05_21_22,02_02_50,regularisation_sejour,1
05_21_22,03_01_04,depot_1er_TDS,0
05_21_22,03_01_25,renouvelement_TDS,0
05_21_22,03_01_46,retrait_TDS,0
05_21_22,03_02_07,retrait_recepisse,0
05_21_22,03_02_29,retrait_DCEM_TVR_TIV,0
05_21_22,03_02_52,regularisation_sejour,1
05_21_22,04_01_05,depot_1er_TDS,0
05_21_22,04_01_26,renouvelement_TDS,0
05_21_22,04_01_46,retrait_TDS,0
05_21_22,04_02_08,retrait_recepisse,0
05_21_22,04_02_29,retrait_DCEM_TVR_TIV,0
05_21_22,04_02_49,regularisation_sejour,1
05_21_22,05_01_05,depot_1er_TDS,0
05_21_22,05_01_26,renouvelement_TDS,0
05_21_22,05_01_47,retrait_TDS,0
05_21_22,05_02_08,retrait_recepisse,0
05_21_22,05_02_29,retrait_DCEM_TVR_TIV,0
05_21_22,05_02_50,regularisation_sejour,1
05_21_22,06_01_05,depot_1er_TDS,0
05_21_22,06_01_25,renouvelement_TDS,0
05_21_22,06_01_47,retrait_TDS,0
05_21_22,06_02_08,retrait_recepisse,0
05_21_22,06_02_30,retrait_DCEM_TVR_TIV,0
05_21_22,06_02_53,regularisation_sejour,1
05_21_22,07_01_05,depot_1er_TDS,0
05_21_22,07_01_26,renouvelement_TDS,0
05_21_22,07_01_47,retrait_TDS,0
05_21_22,07_02_08,retrait_recepisse,0
05_21_22,07_02_29,retrait_DCEM_TVR_TIV,0
05_21_22,07_02_50,regularisation_sejour,1
05_21_22,08_01_04,depot_1er_TDS,0
05_21_22,08_01_26,renouvelement_TDS,0
05_21_22,08_01_47,retrait_TDS,0
05_21_22,08_02_08,retrait_recepisse,0
05_21_22,08_02_29,retrait_DCEM_TVR_TIV,0
05_21_22,08_02_50,regularisation_sejour,1
05_21_22,09_01_05,depot_1er_TDS,0
05_21_22,09_01_26,renouvelement_TDS,0
05_21_22,09_01_47,retrait_TDS,0
05_21_22,09_02_08,retrait_recepisse,0
05_21_22,09_02_28,retrait_DCEM_TVR_TIV,0
05_21_22,09_02_49,regularisation_sejour,1
05_21_22,10_01_05,depot_1er_TDS,0
05_21_22,10_01_25,renouvelement_TDS,0
05_21_22,10_01_46,retrait_TDS,0
05_21_22,10_02_07,retrait_recepisse,0
05_21_22,10_02_28,retrait_DCEM_TVR_TIV,0
05_21_22,10_02_49,regularisation_sejour,1
05_21_22,11_01_04,depot_1er_TDS,0
05_21_22,11_01_25,renouvelement_TDS,0
05_21_22,11_01_46,retrait_TDS,0
05_21_22,11_02_07,retrait_recepisse,0
05_21_22,11_02_28,retrait_DCEM_TVR_TIV,0
05_21_22,11_02_49,regularisation_sejour,1
05_21_22,12_00_08,depot_1er_TDS,0
05_21_22,13_00_07,depot_1er_TDS,0
05_21_22,13_00_27,renouvelement_TDS,0
05_21_22,13_00_48,retrait_TDS,1
05_21_22,13_01_30,retrait_recepisse,0
05_21_22,13_01_51,retrait_DCEM_TVR_TIV,0
05_21_22,13_02_12,regularisation_sejour,1
05_21_22,14_00_07,depot_1er_TDS,0
05_21_22,14_00_28,renouvelement_TDS,0
05_21_22,14_00_49,retrait_TDS,0
05_21_22,14_01_10,retrait_recepisse,0
05_21_22,14_01_31,retrait_DCEM_TVR_TIV,0
05_21_22,14_01_51,regularisation_sejour,1
05_21_22,15_00_06,depot_1er_TDS,0
05_21_22,15_00_27,renouvelement_TDS,0
05_21_22,15_00_49,retrait_TDS,0
05_21_22,15_01_10,retrait_recepisse,0
05_21_22,15_01_30,retrait_DCEM_TVR_TIV,0
05_21_22,15_01_51,regularisation_sejour,1
05_21_22,16_00_06,depot_1er_TDS,0
05_21_22,16_00_28,renouvelement_TDS,0
05_21_22,16_00_49,retrait_TDS,0
05_21_22,16_01_10,retrait_recepisse,0
05_21_22,16_01_31,retrait_DCEM_TVR_TIV,0
05_21_22,16_01_53,regularisation_sejour,1
05_21_22,17_00_06,depot_1er_TDS,0
05_21_22,17_00_27,renouvelement_TDS,0
05_21_22,17_00_48,retrait_TDS,0
05_21_22,17_01_10,retrait_recepisse,0
05_21_22,17_01_31,retrait_DCEM_TVR_TIV,0
05_21_22,17_01_53,regularisation_sejour,1
05_21_22,18_00_06,depot_1er_TDS,0
05_21_22,18_00_27,renouvelement_TDS,0
05_21_22,18_00_48,retrait_TDS,0
05_21_22,18_01_09,retrait_recepisse,0
05_21_22,18_01_30,retrait_DCEM_TVR_TIV,0
05_21_22,18_01_51,regularisation_sejour,1
05_21_22,19_00_08,depot_1er_TDS,0
05_21_22,19_00_28,renouvelement_TDS,0
05_21_22,19_00_49,retrait_TDS,0
05_21_22,19_01_10,retrait_recepisse,0
05_21_22,19_01_32,retrait_DCEM_TVR_TIV,0
05_21_22,19_01_53,regularisation_sejour,1
05_21_22,21_00_07,depot_1er_TDS,0
05_21_22,21_00_28,renouvelement_TDS,0
05_21_22,21_00_49,retrait_TDS,0
05_21_22,21_01_11,retrait_recepisse,0
05_21_22,21_01_32,retrait_DCEM_TVR_TIV,0
05_21_22,21_01_53,regularisation_sejour,1
05_21_22,22_00_07,depot_1er_TDS,0
05_21_22,22_00_28,renouvelement_TDS,0
05_21_22,22_00_50,retrait_TDS,0
05_21_22,22_01_12,retrait_recepisse,0
05_21_22,22_01_33,retrait_DCEM_TVR_TIV,0
05_21_22,22_01_55,regularisation_sejour,1
05_21_22,23_00_06,depot_1er_TDS,0
05_21_22,23_00_27,renouvelement_TDS,0
05_21_22,23_00_49,retrait_TDS,0
05_21_22,23_01_10,retrait_recepisse,0
05_21_22,23_01_31,retrait_DCEM_TVR_TIV,0
05_21_22,23_01_52,regularisation_sejour,1
05_22_22,00_00_30,depot_1er_TDS,0
05_22_22,00_00_51,renouvelement_TDS,0
05_22_22,00_01_12,retrait_TDS,0
05_22_22,00_01_33,retrait_recepisse,0
05_22_22,00_01_54,retrait_DCEM_TVR_TIV,0
05_22_22,00_02_16,regularisation_sejour,1
05_22_22,01_00_30,depot_1er_TDS,0
05_22_22,01_00_51,renouvelement_TDS,0
05_22_22,01_01_12,retrait_TDS,0
05_22_22,01_01_33,retrait_recepisse,0
05_22_22,01_01_54,retrait_DCEM_TVR_TIV,0
05_22_22,01_02_15,regularisation_sejour,1
05_22_22,07_53_55,depot_1er_TDS,0
05_22_22,07_54_16,renouvelement_TDS,0
05_22_22,07_54_37,retrait_TDS,0
05_22_22,07_54_58,retrait_recepisse,0
05_22_22,07_55_21,retrait_DCEM_TVR_TIV,0
05_22_22,07_55_42,regularisation_sejour,1
05_22_22,08_00_32,depot_1er_TDS,0
05_22_22,08_00_53,renouvelement_TDS,0
05_22_22,08_01_14,retrait_TDS,0
05_22_22,08_01_35,retrait_recepisse,0
05_22_22,08_01_56,retrait_DCEM_TVR_TIV,0
05_22_22,08_02_18,regularisation_sejour,1
05_22_22,09_00_30,depot_1er_TDS,0
05_22_22,09_00_52,renouvelement_TDS,0
05_22_22,09_01_12,retrait_TDS,0
05_22_22,09_01_34,retrait_recepisse,0
05_22_22,09_01_55,retrait_DCEM_TVR_TIV,0
05_22_22,09_02_17,regularisation_sejour,1
05_22_22,10_00_31,depot_1er_TDS,0
05_22_22,10_00_52,renouvelement_TDS,0
05_22_22,10_01_14,retrait_TDS,0
05_22_22,10_01_35,retrait_recepisse,0
05_22_22,10_01_56,retrait_DCEM_TVR_TIV,0
05_22_22,10_02_17,regularisation_sejour,1
05_22_22,11_00_30,depot_1er_TDS,0
05_22_22,11_00_51,renouvelement_TDS,0
05_22_22,11_01_14,retrait_TDS,0
05_22_22,11_01_35,retrait_recepisse,0
05_22_22,11_01_56,retrait_DCEM_TVR_TIV,0
05_22_22,11_02_18,regularisation_sejour,1
05_22_22,13_00_31,depot_1er_TDS,0
05_22_22,13_00_52,renouvelement_TDS,0
05_22_22,13_01_15,retrait_TDS,0
05_22_22,13_01_37,retrait_recepisse,0
05_22_22,13_01_58,retrait_DCEM_TVR_TIV,0
05_22_22,13_02_20,regularisation_sejour,1
05_22_22,14_00_31,depot_1er_TDS,0
05_22_22,14_00_53,renouvelement_TDS,0
05_22_22,14_01_15,retrait_TDS,0
05_22_22,14_01_36,retrait_recepisse,0
05_22_22,14_01_57,retrait_DCEM_TVR_TIV,0
05_22_22,14_02_18,regularisation_sejour,1
05_22_22,15_00_31,depot_1er_TDS,0
05_22_22,15_00_52,renouvelement_TDS,0
05_22_22,15_01_13,retrait_TDS,0
05_22_22,15_01_35,retrait_recepisse,0
05_22_22,15_01_56,retrait_DCEM_TVR_TIV,0
05_22_22,15_02_17,regularisation_sejour,1
05_22_22,16_00_31,depot_1er_TDS,0
05_22_22,16_00_52,renouvelement_TDS,0
05_22_22,16_01_13,retrait_TDS,0
05_22_22,16_01_34,retrait_recepisse,0
05_22_22,16_01_55,retrait_DCEM_TVR_TIV,0
05_22_22,16_02_17,regularisation_sejour,1
05_22_22,17_00_30,depot_1er_TDS,0
05_22_22,17_00_51,renouvelement_TDS,0
05_22_22,17_01_12,retrait_TDS,0
05_22_22,17_01_33,retrait_recepisse,0
05_22_22,17_01_53,retrait_DCEM_TVR_TIV,0
05_22_22,17_02_14,regularisation_sejour,1
05_22_22,18_00_30,depot_1er_TDS,0
05_22_22,18_00_52,renouvelement_TDS,0
05_22_22,18_01_12,retrait_TDS,0
05_22_22,18_01_33,retrait_recepisse,0
05_22_22,18_01_54,retrait_DCEM_TVR_TIV,0
05_22_22,18_02_15,regularisation_sejour,1
05_22_22,19_00_32,depot_1er_TDS,0
05_22_22,19_00_52,renouvelement_TDS,0
05_22_22,19_01_13,retrait_TDS,0
05_22_22,19_01_34,retrait_recepisse,0
05_22_22,19_01_54,retrait_DCEM_TVR_TIV,0
05_22_22,19_02_16,regularisation_sejour,1
05_22_22,20_00_31,depot_1er_TDS,0
05_22_22,20_00_51,renouvelement_TDS,0
05_22_22,20_01_12,retrait_TDS,0
05_22_22,20_01_33,retrait_recepisse,0
05_22_22,20_01_53,retrait_DCEM_TVR_TIV,0
05_22_22,20_02_14,regularisation_sejour,1
05_22_22,21_00_31,depot_1er_TDS,0
05_22_22,21_00_52,renouvelement_TDS,0
05_22_22,21_01_12,retrait_TDS,0
05_22_22,21_01_33,retrait_recepisse,0
05_22_22,21_01_54,retrait_DCEM_TVR_TIV,0
05_22_22,21_02_15,regularisation_sejour,1
05_22_22,22_00_31,depot_1er_TDS,0
05_22_22,22_00_52,renouvelement_TDS,0
05_22_22,22_01_12,retrait_TDS,0
05_22_22,22_01_33,retrait_recepisse,0
05_22_22,22_01_54,retrait_DCEM_TVR_TIV,0
05_22_22,22_02_14,regularisation_sejour,1
05_22_22,23_00_35,depot_1er_TDS,0
05_22_22,23_00_55,renouvelement_TDS,0
05_22_22,23_01_16,retrait_TDS,0
05_22_22,23_01_37,retrait_recepisse,0
05_22_22,23_01_58,retrait_DCEM_TVR_TIV,0
05_22_22,23_02_19,regularisation_sejour,1
05_23_22,00_00_36,depot_1er_TDS,1
05_23_22,00_01_17,renouvelement_TDS,1
05_23_22,00_01_58,retrait_TDS,0
05_23_22,00_02_20,retrait_recepisse,0
05_23_22,00_02_40,retrait_DCEM_TVR_TIV,0
05_23_22,00_03_02,regularisation_sejour,1
05_23_22,01_00_36,depot_1er_TDS,1
05_23_22,01_01_15,renouvelement_TDS,1
05_23_22,01_01_56,retrait_TDS,0
05_23_22,01_02_16,retrait_recepisse,0
05_23_22,01_02_37,retrait_DCEM_TVR_TIV,0
05_23_22,01_02_58,regularisation_sejour,1
05_23_22,02_00_38,depot_1er_TDS,1
05_23_22,02_01_19,renouvelement_TDS,1
05_23_22,02_02_00,retrait_TDS,0
05_23_22,02_02_20,retrait_recepisse,0
05_23_22,02_02_42,retrait_DCEM_TVR_TIV,0
05_23_22,02_03_03,regularisation_sejour,1
05_23_22,10_18_44,depot_1er_TDS,1
05_23_22,10_19_25,renouvelement_TDS,0
05_23_22,10_19_47,retrait_TDS,1
05_23_22,10_20_29,retrait_recepisse,0
05_23_22,10_20_50,retrait_DCEM_TVR_TIV,0
05_23_22,10_21_14,regularisation_sejour,1
05_23_22,11_00_49,depot_1er_TDS,1
05_23_22,11_01_31,renouvelement_TDS,0
05_23_22,11_01_53,retrait_TDS,0
05_23_22,11_02_14,retrait_recepisse,0
05_23_22,11_02_39,retrait_DCEM_TVR_TIV,0
05_23_22,11_03_03,regularisation_sejour,1
05_23_22,12_00_39,depot_1er_TDS,1
05_23_22,12_01_19,renouvelement_TDS,0
05_23_22,12_01_40,retrait_TDS,0
05_23_22,12_02_02,retrait_recepisse,0
05_23_22,12_02_23,retrait_DCEM_TVR_TIV,0
05_23_22,12_02_45,regularisation_sejour,1
05_23_22,13_00_39,depot_1er_TDS,0
05_23_22,13_01_01,renouvelement_TDS,0
05_23_22,13_01_23,retrait_TDS,0
05_23_22,13_01_44,retrait_recepisse,0
05_23_22,13_02_05,retrait_DCEM_TVR_TIV,0
05_23_22,13_02_27,regularisation_sejour,1
05_23_22,14_00_39,depot_1er_TDS,0
05_23_22,14_01_01,renouvelement_TDS,0
05_23_22,14_01_22,retrait_TDS,0
05_23_22,14_01_43,retrait_recepisse,0
05_23_22,14_02_04,retrait_DCEM_TVR_TIV,0
05_23_22,14_02_27,regularisation_sejour,1
05_23_22,15_00_38,depot_1er_TDS,0
05_23_22,15_00_59,renouvelement_TDS,0
05_23_22,15_01_20,retrait_TDS,0
05_23_22,15_01_41,retrait_recepisse,0
05_23_22,15_02_02,retrait_DCEM_TVR_TIV,0
05_23_22,15_02_24,regularisation_sejour,1
05_23_22,16_00_37,depot_1er_TDS,0
05_23_22,16_00_58,renouvelement_TDS,0
05_23_22,16_01_19,retrait_TDS,0
05_23_22,16_01_40,retrait_recepisse,0
05_23_22,16_02_02,retrait_DCEM_TVR_TIV,0
05_23_22,16_02_24,regularisation_sejour,1
05_23_22,17_00_37,depot_1er_TDS,1
05_23_22,17_01_18,renouvelement_TDS,0
05_23_22,17_01_39,retrait_TDS,0
05_23_22,17_02_00,retrait_recepisse,0
05_23_22,17_02_22,retrait_DCEM_TVR_TIV,0
05_23_22,17_02_46,regularisation_sejour,1
05_23_22,18_00_37,depot_1er_TDS,0
05_23_22,18_00_58,renouvelement_TDS,0
05_23_22,18_01_19,retrait_TDS,0
05_23_22,18_01_40,retrait_recepisse,0
05_23_22,18_02_00,retrait_DCEM_TVR_TIV,0
05_23_22,18_02_22,regularisation_sejour,1
05_23_22,19_00_38,depot_1er_TDS,0
05_23_22,19_00_59,renouvelement_TDS,0
05_23_22,19_01_22,retrait_TDS,0
05_23_22,19_01_43,retrait_recepisse,0
05_23_22,19_02_03,retrait_DCEM_TVR_TIV,0
05_23_22,19_02_24,regularisation_sejour,1
05_23_22,20_00_36,depot_1er_TDS,0
05_23_22,20_00_57,renouvelement_TDS,0
05_23_22,20_01_18,retrait_TDS,0
05_23_22,20_01_39,retrait_recepisse,0
05_23_22,20_02_00,retrait_DCEM_TVR_TIV,0
05_23_22,20_02_21,regularisation_sejour,1
05_23_22,21_00_36,depot_1er_TDS,0
05_23_22,21_00_57,renouvelement_TDS,1
05_23_22,21_01_38,retrait_TDS,0
05_23_22,21_01_59,retrait_recepisse,0
05_23_22,21_02_20,retrait_DCEM_TVR_TIV,0
05_23_22,21_02_41,regularisation_sejour,0
05_23_22,22_00_36,depot_1er_TDS,0
05_23_22,22_00_57,renouvelement_TDS,0
05_23_22,22_01_17,retrait_TDS,0
05_23_22,22_01_38,retrait_recepisse,0
05_23_22,22_01_59,retrait_DCEM_TVR_TIV,0
05_23_22,22_02_20,regularisation_sejour,0
05_23_22,23_00_37,depot_1er_TDS,1
05_23_22,23_01_18,renouvelement_TDS,0
05_23_22,23_01_38,retrait_TDS,0
05_23_22,23_01_59,retrait_recepisse,0
05_23_22,23_02_20,retrait_DCEM_TVR_TIV,0
05_23_22,23_02_41,regularisation_sejour,0
05_24_22,00_00_36,depot_1er_TDS,0
05_24_22,00_00_57,renouvelement_TDS,0
05_24_22,00_01_18,retrait_TDS,0
05_24_22,00_01_39,retrait_recepisse,0
05_24_22,00_02_00,retrait_DCEM_TVR_TIV,0
05_24_22,00_02_20,regularisation_sejour,0
05_24_22,01_00_46,depot_1er_TDS,0
05_24_22,01_01_07,renouvelement_TDS,0
05_24_22,01_01_28,retrait_TDS,0
05_24_22,01_01_49,retrait_recepisse,0
05_24_22,01_02_09,retrait_DCEM_TVR_TIV,0
05_24_22,01_02_30,regularisation_sejour,0
05_24_22,01_00_46,depot_1er_TDS,0
05_24_22,01_01_07,renouvelement_TDS,0
05_24_22,01_01_28,retrait_TDS,0
05_24_22,01_01_49,retrait_recepisse,0
05_24_22,01_02_09,retrait_DCEM_TVR_TIV,0
05_24_22,01_02_30,regularisation_sejour,0
05_24_22,02_00_38,depot_1er_TDS,0
05_24_22,02_00_59,renouvelement_TDS,0
05_24_22,02_01_20,retrait_TDS,0
05_24_22,02_01_41,retrait_recepisse,0
05_24_22,02_02_02,retrait_DCEM_TVR_TIV,0
05_24_22,02_02_24,regularisation_sejour,0
05_24_22,04_00_38,depot_1er_TDS,0
05_24_22,04_00_58,renouvelement_TDS,0
05_24_22,04_01_19,retrait_TDS,0
05_24_22,04_01_40,retrait_recepisse,0
05_24_22,04_02_01,retrait_DCEM_TVR_TIV,0
05_24_22,04_02_22,regularisation_sejour,0
05_24_22,04_00_38,depot_1er_TDS,0
05_24_22,04_00_59,renouvelement_TDS,0
05_24_22,04_01_19,retrait_TDS,0
05_24_22,04_01_41,retrait_recepisse,0
05_24_22,04_02_01,retrait_DCEM_TVR_TIV,0
05_24_22,04_02_22,regularisation_sejour,0
05_24_22,05_00_37,depot_1er_TDS,0
05_24_22,05_00_57,renouvelement_TDS,0
05_24_22,05_01_18,retrait_TDS,0
05_24_22,05_01_39,retrait_recepisse,0
05_24_22,05_02_00,retrait_DCEM_TVR_TIV,0
05_24_22,05_02_21,regularisation_sejour,0
05_24_22,05_00_36,depot_1er_TDS,0
05_24_22,05_00_57,renouvelement_TDS,0
05_24_22,05_01_18,retrait_TDS,0
05_24_22,05_01_40,retrait_recepisse,0
05_24_22,05_02_00,retrait_DCEM_TVR_TIV,0
05_24_22,05_02_22,regularisation_sejour,0
05_24_22,06_00_37,depot_1er_TDS,0
05_24_22,06_00_59,renouvelement_TDS,0
05_24_22,06_01_20,retrait_TDS,0
05_24_22,06_01_41,retrait_recepisse,0
05_24_22,06_02_02,retrait_DCEM_TVR_TIV,0
05_24_22,06_02_22,regularisation_sejour,0
05_24_22,06_00_37,depot_1er_TDS,0
05_24_22,06_01_03,renouvelement_TDS,0
05_24_22,06_01_23,retrait_TDS,0
05_24_22,06_01_44,retrait_recepisse,0
05_24_22,06_02_06,retrait_DCEM_TVR_TIV,0
05_24_22,06_02_26,regularisation_sejour,0
05_24_22,07_00_36,depot_1er_TDS,0
05_24_22,07_00_59,renouvelement_TDS,0
05_24_22,07_01_21,retrait_TDS,0
05_24_22,07_01_43,retrait_recepisse,0
05_24_22,07_02_06,retrait_DCEM_TVR_TIV,0
05_24_22,07_02_29,regularisation_sejour,0
05_24_22,07_00_36,depot_1er_TDS,0
05_24_22,07_00_59,renouvelement_TDS,0
05_24_22,07_01_21,retrait_TDS,0
05_24_22,07_01_43,retrait_recepisse,0
05_24_22,07_02_06,retrait_DCEM_TVR_TIV,0
05_24_22,07_02_30,regularisation_sejour,0
05_24_22,08_00_36,depot_1er_TDS,0
05_24_22,08_00_57,renouvelement_TDS,0
05_24_22,08_01_19,retrait_TDS,0
05_24_22,08_01_40,retrait_recepisse,0
05_24_22,08_02_01,retrait_DCEM_TVR_TIV,0
05_24_22,08_02_23,regularisation_sejour,0
05_24_22,09_00_38,depot_1er_TDS,0
05_24_22,09_00_58,renouvelement_TDS,0
05_24_22,09_01_19,retrait_TDS,0
05_24_22,09_01_41,retrait_recepisse,0
05_24_22,09_02_02,retrait_DCEM_TVR_TIV,0
05_24_22,09_02_23,regularisation_sejour,0
05_24_22,10_00_37,depot_1er_TDS,0
05_24_22,10_00_58,renouvelement_TDS,0
05_24_22,10_01_19,retrait_TDS,0
05_24_22,10_01_41,retrait_recepisse,0
05_24_22,10_02_03,retrait_DCEM_TVR_TIV,0
05_24_22,10_02_26,regularisation_sejour,0
05_24_22,11_00_39,depot_1er_TDS,0
05_24_22,11_01_00,renouvelement_TDS,0
05_24_22,11_01_22,retrait_TDS,0
05_24_22,11_01_43,retrait_recepisse,0
05_24_22,11_02_05,retrait_DCEM_TVR_TIV,0
05_24_22,11_02_29,regularisation_sejour,0
05_24_22,12_00_38,depot_1er_TDS,0
05_24_22,12_00_59,renouvelement_TDS,0
05_24_22,12_01_20,retrait_TDS,0
05_24_22,12_01_41,retrait_recepisse,0
05_24_22,12_02_02,retrait_DCEM_TVR_TIV,0
05_24_22,12_02_24,regularisation_sejour,0
05_24_22,13_00_37,depot_1er_TDS,0
05_24_22,13_00_58,renouvelement_TDS,0
05_24_22,13_01_20,retrait_TDS,0
05_24_22,13_01_43,retrait_recepisse,0
05_24_22,13_02_04,retrait_DCEM_TVR_TIV,0
05_24_22,13_02_26,regularisation_sejour,0
05_24_22,14_00_36,depot_1er_TDS,0
05_24_22,14_00_58,renouvelement_TDS,0
05_24_22,14_01_19,retrait_TDS,0
05_24_22,14_01_40,retrait_recepisse,0
05_24_22,14_02_01,retrait_DCEM_TVR_TIV,0
05_24_22,14_02_21,regularisation_sejour,0
05_24_22,15_00_37,depot_1er_TDS,0
05_24_22,15_00_58,renouvelement_TDS,0
05_24_22,15_01_19,retrait_TDS,0
05_24_22,15_01_40,retrait_recepisse,0
05_24_22,15_02_01,retrait_DCEM_TVR_TIV,0
05_24_22,15_02_21,regularisation_sejour,0
05_24_22,16_00_37,depot_1er_TDS,0
05_24_22,16_00_58,renouvelement_TDS,0
05_24_22,16_01_19,retrait_TDS,0
05_24_22,16_01_39,retrait_recepisse,0
05_24_22,16_02_00,retrait_DCEM_TVR_TIV,0
05_24_22,16_02_21,regularisation_sejour,0
05_24_22,17_00_53,depot_1er_TDS,0
05_24_22,17_01_16,renouvelement_TDS,0
05_24_22,17_01_37,retrait_TDS,0
05_24_22,17_01_58,retrait_recepisse,0
05_24_22,17_02_20,retrait_DCEM_TVR_TIV,0
05_24_22,17_02_42,regularisation_sejour,0
05_25_22,10_40_39,depot_1er_TDS,0
05_25_22,10_41_00,renouvelement_TDS,0
05_25_22,10_41_21,retrait_TDS,1
05_25_22,10_42_02,retrait_recepisse,0
05_25_22,10_42_24,retrait_DCEM_TVR_TIV,0
05_25_22,10_42_46,regularisation_sejour,0
05_25_22,10_44_38,depot_1er_TDS,0
05_25_22,10_45_00,renouvelement_TDS,0
05_25_22,10_45_22,retrait_TDS,1
05_25_22,10_46_03,retrait_recepisse,0
05_25_22,10_46_24,retrait_DCEM_TVR_TIV,0
05_25_22,10_46_45,regularisation_sejour,0
05_25_22,10_45_12,depot_1er_TDS,0
05_25_22,10_45_34,renouvelement_TDS,0
05_25_22,10_45_55,retrait_TDS,1
05_25_22,10_46_36,retrait_recepisse,0
05_25_22,10_46_56,retrait_DCEM_TVR_TIV,0
05_25_22,10_47_17,regularisation_sejour,0
05_25_22,10_45_46,depot_1er_TDS,0
05_25_22,10_46_06,renouvelement_TDS,0
05_25_22,10_46_28,retrait_TDS,1
05_25_22,10_47_09,retrait_recepisse,0
05_25_22,10_47_30,retrait_DCEM_TVR_TIV,0
05_25_22,10_47_51,regularisation_sejour,0
05_25_22,10_49_28,depot_1er_TDS,0
05_25_22,10_49_49,renouvelement_TDS,0
05_25_22,10_50_09,retrait_TDS,1
05_25_22,10_50_51,retrait_recepisse,0
05_25_22,10_51_12,retrait_DCEM_TVR_TIV,0
05_25_22,10_51_33,regularisation_sejour,0
05_25_22,11_00_10,depot_1er_TDS,0
05_25_22,11_00_30,renouvelement_TDS,0
05_25_22,11_00_51,retrait_TDS,1
05_25_22,11_01_33,retrait_recepisse,0
05_25_22,11_01_54,retrait_DCEM_TVR_TIV,0
05_25_22,11_02_16,regularisation_sejour,0
05_25_22,12_00_10,depot_1er_TDS,0
05_25_22,12_00_31,renouvelement_TDS,0
05_25_22,12_00_52,retrait_TDS,0
05_25_22,12_01_14,retrait_recepisse,0
05_25_22,12_01_35,retrait_DCEM_TVR_TIV,0
05_25_22,12_01_56,regularisation_sejour,0
05_25_22,13_00_08,depot_1er_TDS,0
05_25_22,13_00_29,renouvelement_TDS,0
05_25_22,13_00_50,retrait_TDS,0
05_25_22,13_01_11,retrait_recepisse,0
05_25_22,13_01_32,retrait_DCEM_TVR_TIV,0
05_25_22,13_01_53,regularisation_sejour,0
05_25_22,14_00_10,depot_1er_TDS,0
05_25_22,14_00_30,renouvelement_TDS,0
05_25_22,14_00_52,retrait_TDS,0
05_25_22,14_01_13,retrait_recepisse,0
05_25_22,14_01_33,retrait_DCEM_TVR_TIV,0
05_25_22,14_01_55,regularisation_sejour,0
05_25_22,15_00_08,depot_1er_TDS,0
05_25_22,15_00_30,renouvelement_TDS,0
05_25_22,15_00_51,retrait_TDS,1
05_25_22,15_01_31,retrait_recepisse,0
05_25_22,15_01_53,retrait_DCEM_TVR_TIV,0
05_25_22,15_02_15,regularisation_sejour,0
05_25_22,16_00_12,depot_1er_TDS,0
05_25_22,16_00_34,renouvelement_TDS,0
05_25_22,16_00_54,retrait_TDS,1
05_25_22,16_01_37,retrait_recepisse,0
05_25_22,16_01_59,retrait_DCEM_TVR_TIV,0
05_25_22,16_02_21,regularisation_sejour,0
05_25_22,17_00_09,depot_1er_TDS,0
05_25_22,17_00_29,renouvelement_TDS,0
05_25_22,17_00_50,retrait_TDS,0
05_25_22,17_01_11,retrait_recepisse,0
05_25_22,17_01_32,retrait_DCEM_TVR_TIV,0
05_25_22,17_01_52,regularisation_sejour,0
05_25_22,18_00_08,depot_1er_TDS,0
05_25_22,18_00_29,renouvelement_TDS,0
05_25_22,18_00_50,retrait_TDS,0
05_25_22,18_01_11,retrait_recepisse,0
05_25_22,18_01_32,retrait_DCEM_TVR_TIV,0
05_25_22,18_01_53,regularisation_sejour,0
05_25_22,19_00_13,depot_1er_TDS,0
05_25_22,19_00_34,renouvelement_TDS,0
05_25_22,19_00_54,retrait_TDS,0
05_25_22,19_01_17,retrait_recepisse,0
05_25_22,19_01_39,retrait_DCEM_TVR_TIV,0
05_25_22,19_02_00,regularisation_sejour,0
05_25_22,20_00_08,depot_1er_TDS,0
05_25_22,20_00_29,renouvelement_TDS,0
05_25_22,20_00_50,retrait_TDS,0
05_25_22,20_01_11,retrait_recepisse,0
05_25_22,20_01_31,retrait_DCEM_TVR_TIV,0
05_25_22,20_01_52,regularisation_sejour,0
05_25_22,21_00_09,depot_1er_TDS,0
05_25_22,21_00_29,renouvelement_TDS,0
05_25_22,21_00_50,retrait_TDS,0
05_25_22,21_01_11,retrait_recepisse,0
05_25_22,21_01_31,retrait_DCEM_TVR_TIV,0
05_25_22,21_01_52,regularisation_sejour,0
05_25_22,22_00_10,depot_1er_TDS,0
05_25_22,22_00_30,renouvelement_TDS,0
05_25_22,22_00_52,retrait_TDS,0
05_25_22,22_01_12,retrait_recepisse,0
05_25_22,22_01_33,retrait_DCEM_TVR_TIV,0
05_25_22,22_01_54,regularisation_sejour,0
05_25_22,23_00_09,depot_1er_TDS,0
05_25_22,23_00_30,renouvelement_TDS,0
05_25_22,23_00_53,retrait_TDS,0
05_25_22,23_01_13,retrait_recepisse,0
05_25_22,23_01_34,retrait_DCEM_TVR_TIV,0
05_25_22,23_01_58,regularisation_sejour,0
05_26_22,00_00_08,depot_1er_TDS,0
05_26_22,00_00_29,renouvelement_TDS,0
05_26_22,00_00_49,retrait_TDS,0
05_26_22,00_01_10,retrait_recepisse,0
05_26_22,00_01_31,retrait_DCEM_TVR_TIV,0
05_26_22,00_01_51,regularisation_sejour,0
05_26_22,01_00_11,depot_1er_TDS,0
05_26_22,01_00_31,renouvelement_TDS,0
05_26_22,01_00_52,retrait_TDS,0
05_26_22,01_01_14,retrait_recepisse,0
05_26_22,01_01_35,retrait_DCEM_TVR_TIV,0
05_26_22,01_01_56,regularisation_sejour,0
05_26_22,02_00_10,depot_1er_TDS,0
05_26_22,02_00_30,renouvelement_TDS,0
05_26_22,02_00_51,retrait_TDS,0
05_26_22,02_01_12,retrait_recepisse,0
05_26_22,02_01_33,retrait_DCEM_TVR_TIV,0
05_26_22,02_01_54,regularisation_sejour,0
05_26_22,03_00_11,depot_1er_TDS,0
05_26_22,03_00_33,renouvelement_TDS,0
05_26_22,03_00_55,retrait_TDS,0
05_26_22,03_01_17,retrait_recepisse,0
05_26_22,03_01_38,retrait_DCEM_TVR_TIV,0
05_26_22,03_01_59,regularisation_sejour,0
05_26_22,04_00_09,depot_1er_TDS,0
05_26_22,04_00_30,renouvelement_TDS,0
05_26_22,04_00_54,retrait_TDS,0
05_26_22,04_01_14,retrait_recepisse,0
05_26_22,04_01_35,retrait_DCEM_TVR_TIV,0
05_26_22,04_02_00,regularisation_sejour,0
05_26_22,05_00_09,depot_1er_TDS,0
05_26_22,05_00_30,renouvelement_TDS,0
05_26_22,05_00_51,retrait_TDS,0
05_26_22,05_01_12,retrait_recepisse,0
05_26_22,05_01_32,retrait_DCEM_TVR_TIV,0
05_26_22,05_01_53,regularisation_sejour,0
05_26_22,06_00_09,depot_1er_TDS,0
05_26_22,06_00_34,renouvelement_TDS,0
05_26_22,06_00_55,retrait_TDS,0
05_26_22,06_01_16,retrait_recepisse,0
05_26_22,06_01_37,retrait_DCEM_TVR_TIV,0
05_26_22,06_01_58,regularisation_sejour,0
05_26_22,07_00_09,depot_1er_TDS,0
05_26_22,07_00_30,renouvelement_TDS,0
05_26_22,07_00_51,retrait_TDS,0
05_26_22,07_01_12,retrait_recepisse,0
05_26_22,07_01_33,retrait_DCEM_TVR_TIV,0
05_26_22,07_01_54,regularisation_sejour,0
05_26_22,08_00_09,depot_1er_TDS,0
05_26_22,08_00_30,renouvelement_TDS,0
05_26_22,08_00_50,retrait_TDS,0
05_26_22,08_01_13,retrait_recepisse,0
05_26_22,08_01_34,retrait_DCEM_TVR_TIV,0
05_26_22,08_01_54,regularisation_sejour,0
05_26_22,09_00_09,depot_1er_TDS,0
05_26_22,09_00_30,renouvelement_TDS,0
05_26_22,09_00_51,retrait_TDS,0
05_26_22,09_01_12,retrait_recepisse,0
05_26_22,09_01_33,retrait_DCEM_TVR_TIV,0
05_26_22,09_01_55,regularisation_sejour,0
05_26_22,10_00_10,depot_1er_TDS,0
05_26_22,10_00_31,renouvelement_TDS,0
05_26_22,10_00_52,retrait_TDS,0
05_26_22,10_01_13,retrait_recepisse,0
05_26_22,10_01_34,retrait_DCEM_TVR_TIV,0
05_26_22,10_01_55,regularisation_sejour,0
05_26_22,11_00_08,depot_1er_TDS,0
05_26_22,11_00_29,renouvelement_TDS,0
05_26_22,11_00_50,retrait_TDS,0
05_26_22,11_01_11,retrait_recepisse,0
05_26_22,11_01_32,retrait_DCEM_TVR_TIV,0
05_26_22,11_01_53,regularisation_sejour,0
05_26_22,12_00_12,depot_1er_TDS,0
05_26_22,12_00_34,renouvelement_TDS,0
05_26_22,12_00_55,retrait_TDS,0
05_26_22,12_01_16,retrait_recepisse,0
05_26_22,12_01_37,retrait_DCEM_TVR_TIV,0
05_26_22,12_01_58,regularisation_sejour,0
05_26_22,13_00_09,depot_1er_TDS,0
05_26_22,13_00_30,renouvelement_TDS,0
05_26_22,13_00_50,retrait_TDS,0
05_26_22,13_01_11,retrait_recepisse,0
05_26_22,13_01_32,retrait_DCEM_TVR_TIV,0
05_26_22,13_01_53,regularisation_sejour,0
05_26_22,14_00_09,depot_1er_TDS,0
05_26_22,14_00_29,renouvelement_TDS,0
05_26_22,14_00_50,retrait_TDS,0
05_26_22,14_01_11,retrait_recepisse,0
05_26_22,14_01_32,retrait_DCEM_TVR_TIV,0
05_26_22,14_01_54,regularisation_sejour,0
05_26_22,15_00_08,depot_1er_TDS,0
05_26_22,15_00_29,renouvelement_TDS,0
05_26_22,15_00_50,retrait_TDS,0
05_26_22,15_01_11,retrait_recepisse,0
05_26_22,15_01_33,retrait_DCEM_TVR_TIV,0
05_26_22,15_01_54,regularisation_sejour,0
05_26_22,16_00_09,depot_1er_TDS,0
05_26_22,16_00_29,renouvelement_TDS,0
05_26_22,16_00_50,retrait_TDS,0
05_26_22,16_01_11,retrait_recepisse,0
05_26_22,16_01_32,retrait_DCEM_TVR_TIV,0
05_26_22,16_01_53,regularisation_sejour,0
05_26_22,17_00_09,depot_1er_TDS,0
05_26_22,17_00_30,renouvelement_TDS,0
05_26_22,17_00_51,retrait_TDS,0
05_26_22,17_01_12,retrait_recepisse,0
05_26_22,17_01_33,retrait_DCEM_TVR_TIV,0
05_26_22,17_01_55,regularisation_sejour,0
05_26_22,18_00_09,depot_1er_TDS,0
05_26_22,18_00_29,renouvelement_TDS,0
05_26_22,18_00_50,retrait_TDS,0
05_26_22,18_01_11,retrait_recepisse,0
05_26_22,18_01_32,retrait_DCEM_TVR_TIV,0
05_26_22,18_01_53,regularisation_sejour,0
05_26_22,19_00_09,depot_1er_TDS,0
05_26_22,19_00_30,renouvelement_TDS,0
05_26_22,19_00_51,retrait_TDS,0
05_26_22,19_01_12,retrait_recepisse,0
05_26_22,19_01_33,retrait_DCEM_TVR_TIV,0
05_26_22,19_01_58,regularisation_sejour,0
05_26_22,20_00_09,depot_1er_TDS,0
05_26_22,20_00_29,renouvelement_TDS,0
05_26_22,20_00_50,retrait_TDS,0
05_26_22,20_01_11,retrait_recepisse,0
05_26_22,20_01_31,retrait_DCEM_TVR_TIV,0
05_26_22,20_01_53,regularisation_sejour,0
05_26_22,21_00_10,depot_1er_TDS,0
05_26_22,21_00_31,renouvelement_TDS,0
05_26_22,21_00_54,retrait_TDS,0
05_26_22,21_01_15,retrait_recepisse,0
05_26_22,21_01_37,retrait_DCEM_TVR_TIV,0
05_26_22,21_02_00,regularisation_sejour,0
05_26_22,22_00_09,depot_1er_TDS,0
05_26_22,22_00_30,renouvelement_TDS,0
05_26_22,22_00_51,retrait_TDS,0
05_26_22,22_01_12,retrait_recepisse,0
05_26_22,22_01_32,retrait_DCEM_TVR_TIV,0
05_26_22,22_01_55,regularisation_sejour,0
05_26_22,23_00_10,depot_1er_TDS,0
05_26_22,23_00_31,renouvelement_TDS,0
05_26_22,23_00_54,retrait_TDS,0
05_26_22,23_01_14,retrait_recepisse,0
05_26_22,23_01_35,retrait_DCEM_TVR_TIV,0
05_26_22,23_01_56,regularisation_sejour,0
05_27_22,00_00_11,depot_1er_TDS,0
05_27_22,00_00_32,renouvelement_TDS,0
05_27_22,00_00_53,retrait_TDS,0
05_27_22,00_01_14,retrait_recepisse,0
05_27_22,00_01_37,retrait_DCEM_TVR_TIV,0
05_27_22,00_01_59,regularisation_sejour,0
05_27_22,01_00_13,depot_1er_TDS,0
05_27_22,01_00_33,renouvelement_TDS,0
05_27_22,01_00_55,retrait_TDS,0
05_27_22,01_01_20,retrait_recepisse,0
05_27_22,01_01_41,retrait_DCEM_TVR_TIV,0
05_27_22,01_02_05,regularisation_sejour,0
05_27_22,02_00_11,depot_1er_TDS,0
05_27_22,02_00_32,renouvelement_TDS,0
05_27_22,02_01_00,retrait_TDS,0
05_27_22,02_01_22,retrait_recepisse,0
05_27_22,02_01_43,retrait_DCEM_TVR_TIV,0
05_27_22,02_02_07,regularisation_sejour,0
05_27_22,03_00_12,depot_1er_TDS,0
05_27_22,03_00_33,renouvelement_TDS,0
05_27_22,03_00_54,retrait_TDS,0
05_27_22,03_01_16,retrait_recepisse,0
05_27_22,03_01_37,retrait_DCEM_TVR_TIV,0
05_27_22,03_01_58,regularisation_sejour,0
05_27_22,04_00_10,depot_1er_TDS,0
05_27_22,04_00_31,renouvelement_TDS,0
05_27_22,04_00_56,retrait_TDS,0
05_27_22,04_01_17,retrait_recepisse,0
05_27_22,04_01_37,retrait_DCEM_TVR_TIV,0
05_27_22,04_01_58,regularisation_sejour,0
05_27_22,05_00_11,depot_1er_TDS,0
05_27_22,05_00_32,renouvelement_TDS,0
05_27_22,05_00_53,retrait_TDS,0
05_27_22,05_01_14,retrait_recepisse,0
05_27_22,05_01_36,retrait_DCEM_TVR_TIV,0
05_27_22,05_01_58,regularisation_sejour,0
05_27_22,06_00_09,depot_1er_TDS,0
05_27_22,06_00_32,renouvelement_TDS,0
05_27_22,06_00_53,retrait_TDS,0
05_27_22,06_01_14,retrait_recepisse,0
05_27_22,06_01_35,retrait_DCEM_TVR_TIV,0
05_27_22,06_01_59,regularisation_sejour,0
05_27_22,07_00_09,depot_1er_TDS,0
05_27_22,07_00_32,renouvelement_TDS,0
05_27_22,07_00_56,retrait_TDS,0
05_27_22,07_01_17,retrait_recepisse,0
05_27_22,07_01_39,retrait_DCEM_TVR_TIV,0
05_27_22,07_02_04,regularisation_sejour,0
05_27_22,08_00_09,depot_1er_TDS,0
05_27_22,08_00_35,renouvelement_TDS,1
05_27_22,08_01_17,retrait_TDS,0
05_27_22,08_01_43,retrait_recepisse,0
05_27_22,08_02_04,retrait_DCEM_TVR_TIV,0
05_27_22,08_02_26,regularisation_sejour,0
05_27_22,09_00_09,depot_1er_TDS,0
05_27_22,09_00_30,renouvelement_TDS,0
05_27_22,09_00_51,retrait_TDS,0
05_27_22,09_01_12,retrait_recepisse,0
05_27_22,09_01_33,retrait_DCEM_TVR_TIV,0
05_27_22,09_01_54,regularisation_sejour,0
05_27_22,10_00_10,depot_1er_TDS,0
05_27_22,10_00_31,renouvelement_TDS,0
05_27_22,10_00_52,retrait_TDS,0
05_27_22,10_01_14,retrait_recepisse,0
05_27_22,10_01_35,retrait_DCEM_TVR_TIV,0
05_27_22,10_01_56,regularisation_sejour,0
05_27_22,11_00_09,depot_1er_TDS,0
05_27_22,11_00_31,renouvelement_TDS,0
05_27_22,11_00_52,retrait_TDS,0
05_27_22,11_01_14,retrait_recepisse,0
05_27_22,11_01_35,retrait_DCEM_TVR_TIV,0
05_27_22,11_01_57,regularisation_sejour,0
05_27_22,12_00_12,depot_1er_TDS,0
05_27_22,12_00_34,renouvelement_TDS,0
05_27_22,12_00_54,retrait_TDS,0
05_27_22,12_01_18,retrait_recepisse,0
05_27_22,12_01_39,retrait_DCEM_TVR_TIV,0
05_27_22,12_02_00,regularisation_sejour,0
05_27_22,13_00_09,depot_1er_TDS,0
05_27_22,13_00_32,renouvelement_TDS,0
05_27_22,13_00_54,retrait_TDS,0
05_27_22,13_01_15,retrait_recepisse,0
05_27_22,13_01_36,retrait_DCEM_TVR_TIV,0
05_27_22,13_01_56,regularisation_sejour,0
05_27_22,14_00_10,depot_1er_TDS,0
05_27_22,14_00_31,renouvelement_TDS,0
05_27_22,14_00_52,retrait_TDS,0
05_27_22,14_01_12,retrait_recepisse,0
05_27_22,14_01_34,retrait_DCEM_TVR_TIV,0
05_27_22,14_01_55,regularisation_sejour,0
05_27_22,15_00_09,depot_1er_TDS,0
05_27_22,15_00_30,renouvelement_TDS,0
05_27_22,15_00_54,retrait_TDS,0
05_27_22,15_01_18,retrait_recepisse,0
05_27_22,15_01_38,retrait_DCEM_TVR_TIV,0
05_27_22,15_02_03,regularisation_sejour,0
05_27_22,16_00_12,depot_1er_TDS,0
05_27_22,16_00_34,renouvelement_TDS,0
05_27_22,16_00_55,retrait_TDS,0
05_27_22,16_01_15,retrait_recepisse,0
05_27_22,16_01_37,retrait_DCEM_TVR_TIV,0
05_27_22,16_01_58,regularisation_sejour,0
05_27_22,17_00_10,depot_1er_TDS,0
05_27_22,17_00_30,renouvelement_TDS,0
05_27_22,17_00_52,retrait_TDS,0
05_27_22,17_01_13,retrait_recepisse,0
05_27_22,17_01_34,retrait_DCEM_TVR_TIV,0
05_27_22,17_01_57,regularisation_sejour,0
05_27_22,18_00_14,depot_1er_TDS,0
05_27_22,18_00_35,renouvelement_TDS,0
05_27_22,18_00_56,retrait_TDS,0
05_27_22,18_01_17,retrait_recepisse,0
05_27_22,18_01_37,retrait_DCEM_TVR_TIV,0
05_27_22,18_02_02,regularisation_sejour,0
05_27_22,19_00_13,depot_1er_TDS,0
05_27_22,19_00_34,renouvelement_TDS,0
05_27_22,19_00_56,retrait_TDS,0
05_27_22,19_01_20,retrait_recepisse,0
05_27_22,19_01_41,retrait_DCEM_TVR_TIV,0
05_27_22,19_02_03,regularisation_sejour,0
05_27_22,20_00_09,depot_1er_TDS,0
05_27_22,20_00_31,renouvelement_TDS,0
05_27_22,20_00_52,retrait_TDS,0
05_27_22,20_01_12,retrait_recepisse,0
05_27_22,20_01_33,retrait_DCEM_TVR_TIV,0
05_27_22,20_01_55,regularisation_sejour,0
05_27_22,21_00_09,depot_1er_TDS,0
05_27_22,21_00_30,renouvelement_TDS,0
05_27_22,21_00_54,retrait_TDS,0
05_27_22,21_01_15,retrait_recepisse,0
05_27_22,21_01_36,retrait_DCEM_TVR_TIV,0
05_27_22,21_01_56,regularisation_sejour,0
05_27_22,22_00_10,depot_1er_TDS,0
05_27_22,22_00_31,renouvelement_TDS,0
05_27_22,22_00_51,retrait_TDS,0
05_27_22,22_01_12,retrait_recepisse,0
05_27_22,22_01_37,retrait_DCEM_TVR_TIV,0
05_27_22,22_01_58,regularisation_sejour,0
05_27_22,23_00_10,depot_1er_TDS,0
05_27_22,23_00_31,renouvelement_TDS,0
05_27_22,23_00_52,retrait_TDS,0
05_27_22,23_01_13,retrait_recepisse,0
05_27_22,23_01_34,retrait_DCEM_TVR_TIV,0
05_27_22,23_01_56,regularisation_sejour,0
05_28_22,00_00_11,depot_1er_TDS,0
05_28_22,00_00_32,renouvelement_TDS,0
05_28_22,00_00_53,retrait_TDS,0
05_28_22,00_01_14,retrait_recepisse,0
05_28_22,00_01_36,retrait_DCEM_TVR_TIV,0
05_28_22,00_01_56,regularisation_sejour,0
05_28_22,01_00_12,depot_1er_TDS,0
05_28_22,01_00_33,renouvelement_TDS,0
05_28_22,01_00_54,retrait_TDS,0
05_28_22,01_01_17,retrait_recepisse,0
05_28_22,01_01_38,retrait_DCEM_TVR_TIV,0
05_28_22,01_01_59,regularisation_sejour,0
05_28_22,02_00_10,depot_1er_TDS,0
05_28_22,02_00_32,renouvelement_TDS,0
05_28_22,02_00_56,retrait_TDS,0
05_28_22,02_01_17,retrait_recepisse,0
05_28_22,02_01_39,retrait_DCEM_TVR_TIV,0
05_28_22,02_02_04,regularisation_sejour,0
05_28_22,03_00_12,depot_1er_TDS,0
05_28_22,03_00_33,renouvelement_TDS,0
05_28_22,03_00_57,retrait_TDS,0
05_28_22,03_01_18,retrait_recepisse,0
05_28_22,03_01_39,retrait_DCEM_TVR_TIV,0
05_28_22,03_02_04,regularisation_sejour,0
05_28_22,04_00_09,depot_1er_TDS,0
05_28_22,04_00_31,renouvelement_TDS,0
05_28_22,04_00_53,retrait_TDS,0
05_28_22,04_01_16,retrait_recepisse,0
05_28_22,04_01_38,retrait_DCEM_TVR_TIV,0
05_28_22,04_01_59,regularisation_sejour,0
05_28_22,05_00_10,depot_1er_TDS,0
05_28_22,05_00_30,renouvelement_TDS,0
05_28_22,05_00_55,retrait_TDS,0
05_28_22,05_01_16,retrait_recepisse,0
05_28_22,05_01_37,retrait_DCEM_TVR_TIV,0
05_28_22,05_01_58,regularisation_sejour,0
05_28_22,06_00_10,depot_1er_TDS,0
05_28_22,06_00_32,renouvelement_TDS,0
05_28_22,06_00_52,retrait_TDS,0
05_28_22,06_01_14,retrait_recepisse,0
05_28_22,06_01_36,retrait_DCEM_TVR_TIV,0
05_28_22,06_01_58,regularisation_sejour,0
05_28_22,07_00_09,depot_1er_TDS,0
05_28_22,07_00_31,renouvelement_TDS,0
05_28_22,07_00_52,retrait_TDS,0
05_28_22,07_01_13,retrait_recepisse,0
05_28_22,07_01_34,retrait_DCEM_TVR_TIV,0
05_28_22,07_01_54,regularisation_sejour,0
05_28_22,08_00_10,depot_1er_TDS,0
05_28_22,08_00_31,renouvelement_TDS,0
05_28_22,08_00_51,retrait_TDS,0
05_28_22,08_01_12,retrait_recepisse,0
05_28_22,08_01_33,retrait_DCEM_TVR_TIV,0
05_28_22,08_01_54,regularisation_sejour,0
05_28_22,09_00_09,depot_1er_TDS,0
05_28_22,09_00_30,renouvelement_TDS,0
05_28_22,09_00_51,retrait_TDS,0
05_28_22,09_01_12,retrait_recepisse,0
05_28_22,09_01_34,retrait_DCEM_TVR_TIV,0
05_28_22,09_01_56,regularisation_sejour,0
05_28_22,10_00_09,depot_1er_TDS,0
05_28_22,10_00_30,renouvelement_TDS,0
05_28_22,10_00_51,retrait_TDS,0
05_28_22,10_01_12,retrait_recepisse,0
05_28_22,10_01_37,retrait_DCEM_TVR_TIV,0
05_28_22,10_01_58,regularisation_sejour,0
05_28_22,11_00_09,depot_1er_TDS,0
05_28_22,11_00_30,renouvelement_TDS,0
05_28_22,11_00_51,retrait_TDS,0
05_28_22,11_01_11,retrait_recepisse,0
05_28_22,11_01_32,retrait_DCEM_TVR_TIV,0
05_28_22,11_01_54,regularisation_sejour,0
05_28_22,12_00_09,depot_1er_TDS,0
05_28_22,12_00_30,renouvelement_TDS,0
05_28_22,12_00_51,retrait_TDS,0
05_28_22,12_01_11,retrait_recepisse,0
05_28_22,12_01_32,retrait_DCEM_TVR_TIV,0
05_28_22,12_01_53,regularisation_sejour,0
05_28_22,13_00_12,depot_1er_TDS,0
05_28_22,13_00_33,renouvelement_TDS,0
05_28_22,13_00_54,retrait_TDS,0
05_28_22,13_01_15,retrait_recepisse,0
05_28_22,13_01_36,retrait_DCEM_TVR_TIV,0
05_28_22,13_01_56,regularisation_sejour,0
05_28_22,14_00_09,depot_1er_TDS,0
05_28_22,14_00_31,renouvelement_TDS,0
05_28_22,14_00_52,retrait_TDS,0
05_28_22,14_01_12,retrait_recepisse,0
05_28_22,14_01_34,retrait_DCEM_TVR_TIV,0
05_28_22,14_01_54,regularisation_sejour,0
05_28_22,15_00_11,depot_1er_TDS,0
05_28_22,15_00_31,renouvelement_TDS,0
05_28_22,15_00_53,retrait_TDS,0
05_28_22,15_01_14,retrait_recepisse,0
05_28_22,15_01_34,retrait_DCEM_TVR_TIV,0
05_28_22,15_01_55,regularisation_sejour,0
05_28_22,16_00_09,depot_1er_TDS,0
05_28_22,16_00_31,renouvelement_TDS,0
05_28_22,16_00_52,retrait_TDS,0
05_28_22,16_01_13,retrait_recepisse,0
05_28_22,16_01_33,retrait_DCEM_TVR_TIV,0
05_28_22,16_01_56,regularisation_sejour,0
05_28_22,17_00_09,depot_1er_TDS,0
05_28_22,17_00_30,renouvelement_TDS,0
05_28_22,17_00_51,retrait_TDS,0
05_28_22,17_01_13,retrait_recepisse,0
05_28_22,17_01_34,retrait_DCEM_TVR_TIV,0
05_28_22,17_01_55,regularisation_sejour,0
05_28_22,18_00_10,depot_1er_TDS,0
05_28_22,18_00_32,renouvelement_TDS,0
05_28_22,18_00_53,retrait_TDS,0
05_28_22,18_01_14,retrait_recepisse,0
05_28_22,18_01_36,retrait_DCEM_TVR_TIV,0
05_28_22,18_01_57,regularisation_sejour,0
05_28_22,19_00_14,depot_1er_TDS,0
05_28_22,19_00_35,renouvelement_TDS,0
05_28_22,19_00_56,retrait_TDS,0
05_28_22,19_01_20,retrait_recepisse,0
05_28_22,19_01_41,retrait_DCEM_TVR_TIV,0
05_28_22,19_02_02,regularisation_sejour,0
05_28_22,20_00_09,depot_1er_TDS,0
05_28_22,20_00_30,renouvelement_TDS,0
05_28_22,20_00_55,retrait_TDS,0
05_28_22,20_01_16,retrait_recepisse,0
05_28_22,20_01_37,retrait_DCEM_TVR_TIV,0
05_28_22,20_02_02,regularisation_sejour,0
05_28_22,21_00_11,depot_1er_TDS,0
05_28_22,21_00_33,renouvelement_TDS,0
05_28_22,21_00_54,retrait_TDS,0
05_28_22,21_01_15,retrait_recepisse,0
05_28_22,21_01_37,retrait_DCEM_TVR_TIV,0
05_28_22,21_01_58,regularisation_sejour,0
05_28_22,22_00_11,depot_1er_TDS,0
05_28_22,22_00_32,renouvelement_TDS,0
05_28_22,22_00_58,retrait_TDS,0
05_28_22,22_01_23,retrait_recepisse,0
05_28_22,22_01_44,retrait_DCEM_TVR_TIV,0
05_28_22,22_02_05,regularisation_sejour,0
05_28_22,23_00_10,depot_1er_TDS,0
05_28_22,23_00_31,renouvelement_TDS,0
05_28_22,23_00_51,retrait_TDS,0
05_28_22,23_01_12,retrait_recepisse,0
05_28_22,23_01_33,retrait_DCEM_TVR_TIV,0
05_28_22,23_01_58,regularisation_sejour,0
05_29_22,00_00_08,depot_1er_TDS,1
05_29_22,00_00_49,renouvelement_TDS,0
05_29_22,00_01_10,retrait_TDS,0
05_29_22,00_01_34,retrait_recepisse,0
05_29_22,00_01_55,retrait_DCEM_TVR_TIV,0
05_29_22,00_02_17,regularisation_sejour,0
05_29_22,01_00_08,depot_1er_TDS,0
05_29_22,01_00_29,renouvelement_TDS,0
05_29_22,01_00_50,retrait_TDS,0
05_29_22,01_01_11,retrait_recepisse,0
05_29_22,01_01_32,retrait_DCEM_TVR_TIV,0
05_29_22,01_01_56,regularisation_sejour,0
05_29_22,02_00_17,depot_1er_TDS,0
05_29_22,02_00_37,renouvelement_TDS,0
05_29_22,02_00_58,retrait_TDS,0
05_29_22,02_01_24,retrait_recepisse,0
05_29_22,02_01_47,retrait_DCEM_TVR_TIV,0
05_29_22,02_02_08,regularisation_sejour,0
05_29_22,03_00_09,depot_1er_TDS,0
05_29_22,03_00_34,renouvelement_TDS,0
05_29_22,03_00_58,retrait_TDS,0
05_29_22,03_01_19,retrait_recepisse,0
05_29_22,03_01_44,retrait_DCEM_TVR_TIV,0
05_29_22,03_02_09,regularisation_sejour,0
05_29_22,04_00_09,depot_1er_TDS,0
05_29_22,04_00_30,renouvelement_TDS,0
05_29_22,04_00_52,retrait_TDS,0
05_29_22,04_01_17,retrait_recepisse,0
05_29_22,04_01_39,retrait_DCEM_TVR_TIV,0
05_29_22,04_02_00,regularisation_sejour,0
05_29_22,05_00_10,depot_1er_TDS,0
05_29_22,05_00_31,renouvelement_TDS,0
05_29_22,05_00_52,retrait_TDS,0
05_29_22,05_01_12,retrait_recepisse,0
05_29_22,05_01_33,retrait_DCEM_TVR_TIV,0
05_29_22,05_01_54,regularisation_sejour,0
05_29_22,06_00_09,depot_1er_TDS,0
05_29_22,06_00_37,renouvelement_TDS,0
05_29_22,06_00_59,retrait_TDS,0
05_29_22,06_01_21,retrait_recepisse,0
05_29_22,06_01_44,retrait_DCEM_TVR_TIV,0
05_29_22,06_02_06,regularisation_sejour,0
05_29_22,07_00_09,depot_1er_TDS,0
05_29_22,07_00_30,renouvelement_TDS,0
05_29_22,07_00_55,retrait_TDS,0
05_29_22,07_01_16,retrait_recepisse,0
05_29_22,07_01_37,retrait_DCEM_TVR_TIV,0
05_29_22,07_01_58,regularisation_sejour,0
05_29_22,08_00_10,depot_1er_TDS,0
05_29_22,08_00_31,renouvelement_TDS,0
05_29_22,08_00_51,retrait_TDS,0
05_29_22,08_01_13,retrait_recepisse,0
05_29_22,08_01_34,retrait_DCEM_TVR_TIV,0
05_29_22,08_01_55,regularisation_sejour,0
05_29_22,09_00_09,depot_1er_TDS,0
05_29_22,09_00_30,renouvelement_TDS,0
05_29_22,09_00_51,retrait_TDS,0
05_29_22,09_01_12,retrait_recepisse,0
05_29_22,09_01_34,retrait_DCEM_TVR_TIV,0
05_29_22,09_01_54,regularisation_sejour,0
05_29_22,10_00_09,depot_1er_TDS,0
05_29_22,10_00_30,renouvelement_TDS,0
05_29_22,10_00_51,retrait_TDS,0
05_29_22,10_01_12,retrait_recepisse,0
05_29_22,10_01_33,retrait_DCEM_TVR_TIV,0
05_29_22,10_01_54,regularisation_sejour,0
05_29_22,11_00_09,depot_1er_TDS,0
05_29_22,11_00_30,renouvelement_TDS,0
05_29_22,11_00_51,retrait_TDS,0
05_29_22,11_01_12,retrait_recepisse,0
05_29_22,11_01_33,retrait_DCEM_TVR_TIV,0
05_29_22,11_01_55,regularisation_sejour,0
05_29_22,12_00_10,depot_1er_TDS,0
05_29_22,12_00_31,renouvelement_TDS,0
05_29_22,12_00_54,retrait_TDS,0
05_29_22,12_01_17,retrait_recepisse,0
05_29_22,12_01_38,retrait_DCEM_TVR_TIV,0
05_29_22,12_01_59,regularisation_sejour,0
05_29_22,13_00_09,depot_1er_TDS,0
05_29_22,13_00_32,renouvelement_TDS,0
05_29_22,13_00_53,retrait_TDS,0
05_29_22,13_01_14,retrait_recepisse,0
05_29_22,13_01_35,retrait_DCEM_TVR_TIV,0
05_29_22,13_01_57,regularisation_sejour,0
05_29_22,14_00_10,depot_1er_TDS,0
05_29_22,14_00_31,renouvelement_TDS,0
05_29_22,14_00_52,retrait_TDS,0
05_29_22,14_01_13,retrait_recepisse,0
05_29_22,14_01_33,retrait_DCEM_TVR_TIV,0
05_29_22,14_01_57,regularisation_sejour,0
05_29_22,15_00_12,depot_1er_TDS,0
05_29_22,15_00_33,renouvelement_TDS,0
05_29_22,15_00_57,retrait_TDS,0
05_29_22,15_01_18,retrait_recepisse,0
05_29_22,15_01_39,retrait_DCEM_TVR_TIV,0
05_29_22,15_02_00,regularisation_sejour,0
05_29_22,16_00_11,depot_1er_TDS,0
05_29_22,16_00_32,renouvelement_TDS,1
05_29_22,16_01_13,retrait_TDS,0
05_29_22,16_01_34,retrait_recepisse,0
05_29_22,16_01_55,retrait_DCEM_TVR_TIV,0
05_29_22,16_02_17,regularisation_sejour,0
05_29_22,17_00_09,depot_1er_TDS,0
05_29_22,17_00_30,renouvelement_TDS,0
05_29_22,17_00_51,retrait_TDS,0
05_29_22,17_01_13,retrait_recepisse,0
05_29_22,17_01_34,retrait_DCEM_TVR_TIV,0
05_29_22,17_01_55,regularisation_sejour,0
05_29_22,18_00_10,depot_1er_TDS,0
05_29_22,18_00_31,renouvelement_TDS,0
05_29_22,18_00_52,retrait_TDS,0
05_29_22,18_01_13,retrait_recepisse,0
05_29_22,18_01_34,retrait_DCEM_TVR_TIV,0
05_29_22,18_01_56,regularisation_sejour,0
05_29_22,19_00_11,depot_1er_TDS,0
05_29_22,19_00_32,renouvelement_TDS,0
05_29_22,19_00_53,retrait_TDS,0
05_29_22,19_01_15,retrait_recepisse,0
05_29_22,19_01_36,retrait_DCEM_TVR_TIV,0
05_29_22,19_01_57,regularisation_sejour,0
05_29_22,20_00_09,depot_1er_TDS,0
05_29_22,20_00_30,renouvelement_TDS,1
05_29_22,20_01_13,retrait_TDS,0
05_29_22,20_01_35,retrait_recepisse,0
05_29_22,20_01_56,retrait_DCEM_TVR_TIV,0
05_29_22,20_02_18,regularisation_sejour,0
05_29_22,21_00_09,depot_1er_TDS,0
05_29_22,21_00_30,renouvelement_TDS,0
05_29_22,21_00_51,retrait_TDS,0
05_29_22,21_01_16,retrait_recepisse,0
05_29_22,21_01_37,retrait_DCEM_TVR_TIV,0
05_29_22,21_01_58,regularisation_sejour,0
05_29_22,22_00_09,depot_1er_TDS,0
05_29_22,22_00_30,renouvelement_TDS,0
05_29_22,22_00_51,retrait_TDS,0
05_29_22,22_01_15,retrait_recepisse,0
05_29_22,22_01_36,retrait_DCEM_TVR_TIV,0
05_29_22,22_01_57,regularisation_sejour,0
05_29_22,23_00_12,depot_1er_TDS,0
05_29_22,23_00_33,renouvelement_TDS,0
05_29_22,23_00_55,retrait_TDS,0
05_29_22,23_01_16,retrait_recepisse,0
05_29_22,23_01_37,retrait_DCEM_TVR_TIV,0
05_29_22,23_01_57,regularisation_sejour,0
05_30_22,00_00_08,depot_1er_TDS,1
05_30_22,00_00_50,renouvelement_TDS,1
05_30_22,00_01_31,retrait_TDS,0
05_30_22,00_01_52,retrait_recepisse,0
05_30_22,00_02_12,retrait_DCEM_TVR_TIV,0
05_30_22,00_02_34,regularisation_sejour,1
05_30_22,01_00_10,depot_1er_TDS,1
05_30_22,01_00_51,renouvelement_TDS,1
05_30_22,01_01_31,retrait_TDS,0
05_30_22,01_01_52,retrait_recepisse,0
05_30_22,01_02_13,retrait_DCEM_TVR_TIV,0
05_30_22,01_02_34,regularisation_sejour,1
05_30_22,02_00_09,depot_1er_TDS,1
05_30_22,02_00_53,renouvelement_TDS,1
05_30_22,02_01_34,retrait_TDS,0
05_30_22,02_01_55,retrait_recepisse,0
05_30_22,02_02_16,retrait_DCEM_TVR_TIV,0
05_30_22,02_02_36,regularisation_sejour,1
05_30_22,03_00_12,depot_1er_TDS,1
05_30_22,03_00_52,renouvelement_TDS,1
05_30_22,03_01_33,retrait_TDS,0
05_30_22,03_01_54,retrait_recepisse,0
05_30_22,03_02_15,retrait_DCEM_TVR_TIV,0
05_30_22,03_02_36,regularisation_sejour,1
05_30_22,04_00_09,depot_1er_TDS,1
05_30_22,04_00_49,renouvelement_TDS,1
05_30_22,04_01_30,retrait_TDS,0
05_30_22,04_01_51,retrait_recepisse,0
05_30_22,04_02_12,retrait_DCEM_TVR_TIV,0
05_30_22,04_02_33,regularisation_sejour,1
05_30_22,05_00_09,depot_1er_TDS,1
05_30_22,05_00_49,renouvelement_TDS,1
05_30_22,05_01_30,retrait_TDS,0
05_30_22,05_01_51,retrait_recepisse,0
05_30_22,05_02_12,retrait_DCEM_TVR_TIV,0
05_30_22,05_02_33,regularisation_sejour,1
05_30_22,06_00_10,depot_1er_TDS,1
05_30_22,06_00_50,renouvelement_TDS,1
05_30_22,06_01_32,retrait_TDS,0
05_30_22,06_01_52,retrait_recepisse,0
05_30_22,06_02_13,retrait_DCEM_TVR_TIV,0
05_30_22,06_02_34,regularisation_sejour,1
05_30_22,07_00_09,depot_1er_TDS,1
05_30_22,07_00_50,renouvelement_TDS,1
05_30_22,07_01_31,retrait_TDS,0
05_30_22,07_01_51,retrait_recepisse,0
05_30_22,07_02_12,retrait_DCEM_TVR_TIV,0
05_30_22,07_02_35,regularisation_sejour,1
05_30_22,08_00_08,depot_1er_TDS,1
05_30_22,08_00_49,renouvelement_TDS,1
05_30_22,08_01_30,retrait_TDS,0
05_30_22,08_01_51,retrait_recepisse,0
05_30_22,08_02_11,retrait_DCEM_TVR_TIV,0
05_30_22,08_02_32,regularisation_sejour,1
05_30_22,09_00_12,depot_1er_TDS,1
05_30_22,09_00_54,renouvelement_TDS,1
05_30_22,09_01_35,retrait_TDS,1
05_30_22,09_02_16,retrait_recepisse,1
05_30_22,09_02_57,retrait_DCEM_TVR_TIV,0
05_30_22,09_03_18,regularisation_sejour,0
05_30_22,10_00_12,depot_1er_TDS,1
05_30_22,10_00_54,renouvelement_TDS,1
05_30_22,10_01_36,retrait_TDS,1
05_30_22,10_02_18,retrait_recepisse,0
05_30_22,10_02_40,retrait_DCEM_TVR_TIV,0
05_30_22,10_03_03,regularisation_sejour,0
05_30_22,11_00_11,depot_1er_TDS,1
05_30_22,11_00_52,renouvelement_TDS,0
05_30_22,11_01_15,retrait_TDS,1
05_30_22,11_01_55,retrait_recepisse,0
05_30_22,11_02_16,retrait_DCEM_TVR_TIV,0
05_30_22,11_02_38,regularisation_sejour,0
05_30_22,12_00_09,depot_1er_TDS,1
05_30_22,12_00_49,renouvelement_TDS,1
05_30_22,12_01_30,retrait_TDS,1
05_30_22,12_02_11,retrait_recepisse,0
05_30_22,12_02_32,retrait_DCEM_TVR_TIV,0
05_30_22,12_02_52,regularisation_sejour,0
05_30_22,13_00_12,depot_1er_TDS,1
05_30_22,13_00_52,renouvelement_TDS,0
05_30_22,13_01_13,retrait_TDS,0
05_30_22,13_01_36,retrait_recepisse,0
05_30_22,13_01_57,retrait_DCEM_TVR_TIV,0
05_30_22,13_02_19,regularisation_sejour,0
05_30_22,14_00_11,depot_1er_TDS,1
05_30_22,14_00_53,renouvelement_TDS,0
05_30_22,14_01_14,retrait_TDS,0
05_30_22,14_01_35,retrait_recepisse,0
05_30_22,14_01_57,retrait_DCEM_TVR_TIV,0
05_30_22,14_02_19,regularisation_sejour,0
05_30_22,15_00_13,depot_1er_TDS,1
05_30_22,15_00_55,renouvelement_TDS,0
05_30_22,15_01_17,retrait_TDS,0
05_30_22,15_01_38,retrait_recepisse,0
05_30_22,15_01_59,retrait_DCEM_TVR_TIV,0
05_30_22,15_02_19,regularisation_sejour,0
05_30_22,16_00_11,depot_1er_TDS,1
05_30_22,16_00_52,renouvelement_TDS,0
05_30_22,16_01_13,retrait_TDS,1
05_30_22,16_01_53,retrait_recepisse,0
05_30_22,16_02_14,retrait_DCEM_TVR_TIV,0
05_30_22,16_02_36,regularisation_sejour,0
05_30_22,17_00_10,depot_1er_TDS,1
05_30_22,17_00_51,renouvelement_TDS,0
05_30_22,17_01_12,retrait_TDS,1
05_30_22,17_01_53,retrait_recepisse,0
05_30_22,17_02_13,retrait_DCEM_TVR_TIV,0
05_30_22,17_02_34,regularisation_sejour,0
05_30_22,18_00_09,depot_1er_TDS,1
05_30_22,18_00_50,renouvelement_TDS,0
05_30_22,18_01_10,retrait_TDS,0
05_30_22,18_01_31,retrait_recepisse,0
05_30_22,18_01_52,retrait_DCEM_TVR_TIV,0
05_30_22,18_02_13,regularisation_sejour,0
05_30_22,19_00_10,depot_1er_TDS,1
05_30_22,19_00_51,renouvelement_TDS,0
05_30_22,19_01_12,retrait_TDS,0
05_30_22,19_01_33,retrait_recepisse,0
05_30_22,19_01_53,retrait_DCEM_TVR_TIV,0
05_30_22,19_02_14,regularisation_sejour,0
05_30_22,20_00_09,depot_1er_TDS,1
05_30_22,20_00_49,renouvelement_TDS,0
05_30_22,20_01_10,retrait_TDS,0
05_30_22,20_01_31,retrait_recepisse,0
05_30_22,20_01_52,retrait_DCEM_TVR_TIV,0
05_30_22,20_02_13,regularisation_sejour,0
05_30_22,21_00_09,depot_1er_TDS,1
05_30_22,21_00_49,renouvelement_TDS,0
05_30_22,21_01_10,retrait_TDS,0
05_30_22,21_01_31,retrait_recepisse,0
05_30_22,21_01_52,retrait_DCEM_TVR_TIV,0
05_30_22,21_02_13,regularisation_sejour,0
05_30_22,22_00_10,depot_1er_TDS,1
05_30_22,22_00_51,renouvelement_TDS,0
05_30_22,22_01_12,retrait_TDS,0
05_30_22,22_01_33,retrait_recepisse,0
05_30_22,22_01_53,retrait_DCEM_TVR_TIV,0
05_30_22,22_02_14,regularisation_sejour,0
05_30_22,23_00_09,depot_1er_TDS,1
05_30_22,23_00_49,renouvelement_TDS,0
05_30_22,23_01_10,retrait_TDS,0
05_30_22,23_01_32,retrait_recepisse,0
05_30_22,23_01_53,retrait_DCEM_TVR_TIV,0
05_30_22,23_02_14,regularisation_sejour,0
05_31_22,00_00_10,depot_1er_TDS,1
05_31_22,00_00_50,renouvelement_TDS,0
05_31_22,00_01_11,retrait_TDS,0
05_31_22,00_01_32,retrait_recepisse,0
05_31_22,00_01_53,retrait_DCEM_TVR_TIV,0
05_31_22,00_02_14,regularisation_sejour,0
05_31_22,01_00_09,depot_1er_TDS,1
05_31_22,01_00_50,renouvelement_TDS,0
05_31_22,01_01_10,retrait_TDS,0
05_31_22,01_01_31,retrait_recepisse,0
05_31_22,01_01_52,retrait_DCEM_TVR_TIV,0
05_31_22,01_02_12,regularisation_sejour,0
05_31_22,02_00_11,depot_1er_TDS,1
05_31_22,02_00_52,renouvelement_TDS,0
05_31_22,02_01_13,retrait_TDS,0
05_31_22,02_01_34,retrait_recepisse,0
05_31_22,02_01_54,retrait_DCEM_TVR_TIV,0
05_31_22,02_02_15,regularisation_sejour,0
05_31_22,03_00_12,depot_1er_TDS,1
05_31_22,03_00_53,renouvelement_TDS,0
05_31_22,03_01_15,retrait_TDS,0
05_31_22,03_01_36,retrait_recepisse,0
05_31_22,03_01_57,retrait_DCEM_TVR_TIV,0
05_31_22,03_02_18,regularisation_sejour,0
05_31_22,04_00_12,depot_1er_TDS,1
05_31_22,04_00_52,renouvelement_TDS,0
05_31_22,04_01_13,retrait_TDS,0
05_31_22,04_01_34,retrait_recepisse,0
05_31_22,04_01_55,retrait_DCEM_TVR_TIV,0
05_31_22,04_02_17,regularisation_sejour,0
05_31_22,05_00_10,depot_1er_TDS,1
05_31_22,05_00_51,renouvelement_TDS,0
05_31_22,05_01_11,retrait_TDS,0
05_31_22,05_01_33,retrait_recepisse,0
05_31_22,05_01_53,retrait_DCEM_TVR_TIV,0
05_31_22,05_02_14,regularisation_sejour,0
05_31_22,06_00_09,depot_1er_TDS,1
05_31_22,06_00_51,renouvelement_TDS,0
05_31_22,06_01_11,retrait_TDS,0
05_31_22,06_01_32,retrait_recepisse,0
05_31_22,06_01_53,retrait_DCEM_TVR_TIV,0
05_31_22,06_02_14,regularisation_sejour,0
05_31_22,07_00_11,depot_1er_TDS,1
05_31_22,07_00_51,renouvelement_TDS,0
05_31_22,07_01_15,retrait_TDS,0
05_31_22,07_01_36,retrait_recepisse,0
05_31_22,07_01_57,retrait_DCEM_TVR_TIV,0
05_31_22,07_02_19,regularisation_sejour,0
05_31_22,08_00_11,depot_1er_TDS,1
05_31_22,08_00_52,renouvelement_TDS,0
05_31_22,08_01_13,retrait_TDS,0
05_31_22,08_01_34,retrait_recepisse,0
05_31_22,08_01_54,retrait_DCEM_TVR_TIV,0
05_31_22,08_02_18,regularisation_sejour,0
05_31_22,09_00_13,depot_1er_TDS,1
05_31_22,09_00_55,renouvelement_TDS,0
05_31_22,09_01_17,retrait_TDS,1
05_31_22,09_01_58,retrait_recepisse,0
05_31_22,09_02_20,retrait_DCEM_TVR_TIV,0
05_31_22,09_02_42,regularisation_sejour,0
05_31_22,10_00_15,depot_1er_TDS,1
05_31_22,10_00_56,renouvelement_TDS,0
05_31_22,10_01_17,retrait_TDS,0
05_31_22,10_01_39,retrait_recepisse,0
05_31_22,10_02_01,retrait_DCEM_TVR_TIV,0
05_31_22,10_02_22,regularisation_sejour,0
05_31_22,11_00_10,depot_1er_TDS,1
05_31_22,11_00_50,renouvelement_TDS,0
05_31_22,11_01_11,retrait_TDS,0
05_31_22,11_01_33,retrait_recepisse,0
05_31_22,11_01_55,retrait_DCEM_TVR_TIV,0
05_31_22,11_02_18,regularisation_sejour,0
05_31_22,12_00_12,depot_1er_TDS,1
05_31_22,12_00_54,renouvelement_TDS,0
05_31_22,12_01_14,retrait_TDS,1
05_31_22,12_01_55,retrait_recepisse,1
05_31_22,12_02_37,retrait_DCEM_TVR_TIV,0
05_31_22,12_02_59,regularisation_sejour,0
05_31_22,13_00_10,depot_1er_TDS,1
05_31_22,13_00_51,renouvelement_TDS,0
05_31_22,13_01_12,retrait_TDS,1
05_31_22,13_01_53,retrait_recepisse,0
05_31_22,13_02_14,retrait_DCEM_TVR_TIV,0
05_31_22,13_02_35,regularisation_sejour,0
05_31_22,14_00_12,depot_1er_TDS,1
05_31_22,14_00_53,renouvelement_TDS,0
05_31_22,14_01_15,retrait_TDS,1
05_31_22,14_01_57,retrait_recepisse,1
05_31_22,14_02_42,retrait_DCEM_TVR_TIV,0
05_31_22,14_03_05,regularisation_sejour,0
05_31_22,15_00_10,depot_1er_TDS,0
05_31_22,15_00_31,renouvelement_TDS,0
05_31_22,15_00_51,retrait_TDS,1
05_31_22,15_01_32,retrait_recepisse,0
05_31_22,15_01_53,retrait_DCEM_TVR_TIV,0
05_31_22,15_02_14,regularisation_sejour,0
05_31_22,16_00_10,depot_1er_TDS,0
05_31_22,16_00_31,renouvelement_TDS,0
05_31_22,16_00_53,retrait_TDS,1
05_31_22,16_01_35,retrait_recepisse,0
05_31_22,16_01_57,retrait_DCEM_TVR_TIV,0
05_31_22,16_02_18,regularisation_sejour,0
05_31_22,23_59_48,depot_1er_TDS,0
05_31_22,00_00_10,renouvelement_TDS,0
05_31_22,00_00_30,retrait_TDS,0
05_31_22,00_00_51,retrait_recepisse,0
05_31_22,00_01_12,retrait_DCEM_TVR_TIV,0
05_31_22,00_01_33,regularisation_sejour,0
06_01_22,01_00_10,depot_1er_TDS,0
06_01_22,01_00_32,renouvelement_TDS,0
06_01_22,01_00_52,retrait_TDS,0
06_01_22,01_01_14,retrait_recepisse,0
06_01_22,01_01_34,retrait_DCEM_TVR_TIV,0
06_01_22,01_01_55,regularisation_sejour,0
06_01_22,02_00_10,depot_1er_TDS,0
06_01_22,02_00_31,renouvelement_TDS,0
06_01_22,02_00_53,retrait_TDS,0
06_01_22,02_01_14,retrait_recepisse,0
06_01_22,02_01_35,retrait_DCEM_TVR_TIV,0
06_01_22,02_01_58,regularisation_sejour,0
06_01_22,03_00_11,depot_1er_TDS,0
06_01_22,03_00_32,renouvelement_TDS,0
06_01_22,03_00_53,retrait_TDS,0
06_01_22,03_01_15,retrait_recepisse,0
06_01_22,03_01_36,retrait_DCEM_TVR_TIV,0
06_01_22,03_01_57,regularisation_sejour,0
06_01_22,04_00_12,depot_1er_TDS,0
06_01_22,04_00_34,renouvelement_TDS,0
06_01_22,04_00_55,retrait_TDS,0
06_01_22,04_01_16,retrait_recepisse,0
06_01_22,04_01_36,retrait_DCEM_TVR_TIV,0
06_01_22,04_01_57,regularisation_sejour,0
06_01_22,05_00_09,depot_1er_TDS,0
06_01_22,05_00_31,renouvelement_TDS,0
06_01_22,05_00_52,retrait_TDS,0
06_01_22,05_01_13,retrait_recepisse,0
06_01_22,05_01_35,retrait_DCEM_TVR_TIV,0
06_01_22,05_01_57,regularisation_sejour,0
06_01_22,06_00_13,depot_1er_TDS,0
06_01_22,06_00_34,renouvelement_TDS,0
06_01_22,06_00_55,retrait_TDS,0
06_01_22,06_01_16,retrait_recepisse,0
06_01_22,06_01_37,retrait_DCEM_TVR_TIV,0
06_01_22,06_01_58,regularisation_sejour,0
06_01_22,07_00_09,depot_1er_TDS,0
06_01_22,07_00_30,renouvelement_TDS,0
06_01_22,07_00_51,retrait_TDS,0
06_01_22,07_01_12,retrait_recepisse,0
06_01_22,07_01_33,retrait_DCEM_TVR_TIV,0
06_01_22,07_02_00,regularisation_sejour,0
06_01_22,08_00_11,depot_1er_TDS,1
06_01_22,08_00_53,renouvelement_TDS,0
06_01_22,08_01_15,retrait_TDS,0
06_01_22,08_01_37,retrait_recepisse,0
06_01_22,08_01_58,retrait_DCEM_TVR_TIV,0
06_01_22,08_02_20,regularisation_sejour,0
06_01_22,09_00_12,depot_1er_TDS,0
06_01_22,09_00_34,renouvelement_TDS,0
06_01_22,09_00_56,retrait_TDS,1
06_01_22,09_01_37,retrait_recepisse,0
06_01_22,09_01_59,retrait_DCEM_TVR_TIV,0
06_01_22,09_02_21,regularisation_sejour,0
06_01_22,10_00_12,depot_1er_TDS,0
06_01_22,10_00_33,renouvelement_TDS,0
06_01_22,10_00_54,retrait_TDS,0
06_01_22,10_01_15,retrait_recepisse,0
06_01_22,10_01_35,retrait_DCEM_TVR_TIV,0
06_01_22,10_01_59,regularisation_sejour,0
06_01_22,11_00_14,depot_1er_TDS,0
06_01_22,11_00_35,renouvelement_TDS,0
06_01_22,11_00_56,retrait_TDS,0
06_01_22,11_01_17,retrait_recepisse,0
06_01_22,11_01_37,retrait_DCEM_TVR_TIV,0
06_01_22,11_01_59,regularisation_sejour,0
06_01_22,12_00_10,depot_1er_TDS,0
06_01_22,12_00_31,renouvelement_TDS,0
06_01_22,12_00_52,retrait_TDS,0
06_01_22,12_01_14,retrait_recepisse,0
06_01_22,12_01_35,retrait_DCEM_TVR_TIV,0
06_01_22,12_01_56,regularisation_sejour,0
06_01_22,13_00_11,depot_1er_TDS,0
06_01_22,13_00_33,renouvelement_TDS,0
06_01_22,13_00_54,retrait_TDS,0
06_01_22,13_01_15,retrait_recepisse,0
06_01_22,13_01_37,retrait_DCEM_TVR_TIV,0
06_01_22,13_01_59,regularisation_sejour,0
06_01_22,14_00_10,depot_1er_TDS,1
06_01_22,14_00_51,renouvelement_TDS,0
06_01_22,14_01_12,retrait_TDS,0
06_01_22,14_01_33,retrait_recepisse,0
06_01_22,14_01_54,retrait_DCEM_TVR_TIV,0
06_01_22,14_02_17,regularisation_sejour,0
06_01_22,15_00_14,depot_1er_TDS,0
06_01_22,15_00_36,renouvelement_TDS,0
06_01_22,15_00_57,retrait_TDS,1
06_01_22,15_01_38,retrait_recepisse,0
06_01_22,15_01_59,retrait_DCEM_TVR_TIV,0
06_01_22,15_02_21,regularisation_sejour,0
06_01_22,16_00_13,depot_1er_TDS,0
06_01_22,16_00_34,renouvelement_TDS,0
06_01_22,16_00_55,retrait_TDS,1
06_01_22,16_01_38,retrait_recepisse,0
06_01_22,16_02_00,retrait_DCEM_TVR_TIV,0
06_01_22,16_02_21,regularisation_sejour,0
06_01_22,17_00_11,depot_1er_TDS,0
06_01_22,17_00_33,renouvelement_TDS,0
06_01_22,17_00_53,retrait_TDS,1
06_01_22,17_01_35,retrait_recepisse,0
06_01_22,17_01_56,retrait_DCEM_TVR_TIV,0
06_01_22,17_02_18,regularisation_sejour,0
06_01_22,18_00_12,depot_1er_TDS,0
06_01_22,18_00_33,renouvelement_TDS,0
06_01_22,18_00_54,retrait_TDS,1
06_01_22,18_01_35,retrait_recepisse,0
06_01_22,18_01_55,retrait_DCEM_TVR_TIV,0
06_01_22,18_02_17,regularisation_sejour,0
06_01_22,19_00_10,depot_1er_TDS,0
06_01_22,19_00_33,renouvelement_TDS,0
06_01_22,19_00_54,retrait_TDS,0
06_01_22,19_01_15,retrait_recepisse,0
06_01_22,19_01_36,retrait_DCEM_TVR_TIV,0
06_01_22,19_01_57,regularisation_sejour,0
06_01_22,20_00_10,depot_1er_TDS,0
06_01_22,20_00_31,renouvelement_TDS,0
06_01_22,20_00_52,retrait_TDS,0
06_01_22,20_01_13,retrait_recepisse,0
06_01_22,20_01_34,retrait_DCEM_TVR_TIV,0
06_01_22,20_01_54,regularisation_sejour,0
06_01_22,21_00_10,depot_1er_TDS,0
06_01_22,21_00_31,renouvelement_TDS,0
06_01_22,21_00_51,retrait_TDS,0
06_01_22,21_01_12,retrait_recepisse,0
06_01_22,21_01_33,retrait_DCEM_TVR_TIV,0
06_01_22,21_01_55,regularisation_sejour,0
06_01_22,22_00_12,depot_1er_TDS,0
06_01_22,22_00_32,renouvelement_TDS,0
06_01_22,22_00_53,retrait_TDS,0
06_01_22,22_01_14,retrait_recepisse,0
06_01_22,22_01_35,retrait_DCEM_TVR_TIV,0
06_01_22,22_01_56,regularisation_sejour,0
06_01_22,23_00_09,depot_1er_TDS,0
06_01_22,23_00_30,renouvelement_TDS,0
06_01_22,23_00_51,retrait_TDS,0
06_01_22,23_01_12,retrait_recepisse,0
06_01_22,23_01_33,retrait_DCEM_TVR_TIV,0
06_01_22,23_01_54,regularisation_sejour,0
06_02_22,00_00_09,depot_1er_TDS,0
06_02_22,00_00_30,renouvelement_TDS,0
06_02_22,00_00_51,retrait_TDS,0
06_02_22,00_01_12,retrait_recepisse,0
06_02_22,00_01_32,retrait_DCEM_TVR_TIV,0
06_02_22,00_01_53,regularisation_sejour,0
06_02_22,01_00_09,depot_1er_TDS,0
06_02_22,01_00_30,renouvelement_TDS,0
06_02_22,01_00_51,retrait_TDS,0
06_02_22,01_01_13,retrait_recepisse,0
06_02_22,01_01_34,retrait_DCEM_TVR_TIV,0
06_02_22,01_01_55,regularisation_sejour,0
06_02_22,02_00_10,depot_1er_TDS,0
06_02_22,02_00_31,renouvelement_TDS,0
06_02_22,02_00_52,retrait_TDS,0
06_02_22,02_01_13,retrait_recepisse,0
06_02_22,02_01_34,retrait_DCEM_TVR_TIV,0
06_02_22,02_01_56,regularisation_sejour,0
06_02_22,03_00_10,depot_1er_TDS,0
06_02_22,03_00_32,renouvelement_TDS,0
06_02_22,03_00_54,retrait_TDS,0
06_02_22,03_01_16,retrait_recepisse,0
06_02_22,03_01_37,retrait_DCEM_TVR_TIV,0
06_02_22,03_01_58,regularisation_sejour,0
06_02_22,04_00_10,depot_1er_TDS,0
06_02_22,04_00_31,renouvelement_TDS,0
06_02_22,04_00_52,retrait_TDS,0
06_02_22,04_01_14,retrait_recepisse,0
06_02_22,04_01_34,retrait_DCEM_TVR_TIV,0
06_02_22,04_01_55,regularisation_sejour,0
06_02_22,05_00_10,depot_1er_TDS,0
06_02_22,05_00_31,renouvelement_TDS,0
06_02_22,05_00_52,retrait_TDS,0
06_02_22,05_01_13,retrait_recepisse,0
06_02_22,05_01_34,retrait_DCEM_TVR_TIV,0
06_02_22,05_01_56,regularisation_sejour,0
06_02_22,06_00_09,depot_1er_TDS,0
06_02_22,06_00_32,renouvelement_TDS,0
06_02_22,06_00_54,retrait_TDS,0
06_02_22,06_01_15,retrait_recepisse,0
06_02_22,06_01_36,retrait_DCEM_TVR_TIV,0
06_02_22,06_01_57,regularisation_sejour,0
06_02_22,07_00_16,depot_1er_TDS,0
06_02_22,07_00_37,renouvelement_TDS,0
06_02_22,07_00_58,retrait_TDS,0
06_02_22,07_01_20,retrait_recepisse,0
06_02_22,07_01_41,retrait_DCEM_TVR_TIV,0
06_02_22,07_02_03,regularisation_sejour,0
06_02_22,08_00_11,depot_1er_TDS,0
06_02_22,08_00_33,renouvelement_TDS,0
06_02_22,08_00_54,retrait_TDS,0
06_02_22,08_01_15,retrait_recepisse,0
06_02_22,08_01_37,retrait_DCEM_TVR_TIV,0
06_02_22,08_01_58,regularisation_sejour,0
06_02_22,09_00_11,depot_1er_TDS,0
06_02_22,09_00_32,renouvelement_TDS,0
06_02_22,09_00_52,retrait_TDS,0
06_02_22,09_01_13,retrait_recepisse,0
06_02_22,09_01_35,retrait_DCEM_TVR_TIV,0
06_02_22,09_01_57,regularisation_sejour,0
06_02_22,10_00_15,depot_1er_TDS,0
06_02_22,10_00_36,renouvelement_TDS,0
06_02_22,10_00_57,retrait_TDS,0
06_02_22,10_01_18,retrait_recepisse,0
06_02_22,10_01_40,retrait_DCEM_TVR_TIV,0
06_02_22,10_02_01,regularisation_sejour,0
06_02_22,11_00_13,depot_1er_TDS,0
06_02_22,11_00_34,renouvelement_TDS,0
06_02_22,11_00_55,retrait_TDS,1
06_02_22,11_01_37,retrait_recepisse,0
06_02_22,11_01_59,retrait_DCEM_TVR_TIV,0
06_02_22,11_02_21,regularisation_sejour,0
06_02_22,12_00_11,depot_1er_TDS,0
06_02_22,12_00_33,renouvelement_TDS,1
06_02_22,12_01_14,retrait_TDS,0
06_02_22,12_01_35,retrait_recepisse,0
06_02_22,12_01_56,retrait_DCEM_TVR_TIV,0
06_02_22,12_02_16,regularisation_sejour,0
06_02_22,13_00_11,depot_1er_TDS,0
06_02_22,13_00_33,renouvelement_TDS,0
06_02_22,13_00_54,retrait_TDS,0
06_02_22,13_01_15,retrait_recepisse,0
06_02_22,13_01_38,retrait_DCEM_TVR_TIV,0
06_02_22,13_01_58,regularisation_sejour,0
06_02_22,14_00_11,depot_1er_TDS,0
06_02_22,14_00_33,renouvelement_TDS,0
06_02_22,14_00_53,retrait_TDS,1
06_02_22,14_01_35,retrait_recepisse,0
06_02_22,14_01_56,retrait_DCEM_TVR_TIV,0
06_02_22,14_02_18,regularisation_sejour,0
06_02_22,15_00_10,depot_1er_TDS,0
06_02_22,15_00_31,renouvelement_TDS,0
06_02_22,15_00_52,retrait_TDS,0
06_02_22,15_01_13,retrait_recepisse,0
06_02_22,15_01_35,retrait_DCEM_TVR_TIV,0
06_02_22,15_01_56,regularisation_sejour,0
06_02_22,16_00_10,depot_1er_TDS,0
06_02_22,16_00_32,renouvelement_TDS,0
06_02_22,16_00_53,retrait_TDS,0
06_02_22,16_01_14,retrait_recepisse,0
06_02_22,16_01_36,retrait_DCEM_TVR_TIV,0
06_02_22,16_01_58,regularisation_sejour,0
06_02_22,17_00_11,depot_1er_TDS,0
06_02_22,17_00_32,renouvelement_TDS,0
06_02_22,17_00_52,retrait_TDS,1
06_02_22,17_01_33,retrait_recepisse,0
06_02_22,17_01_56,retrait_DCEM_TVR_TIV,0
06_02_22,17_02_16,regularisation_sejour,0
06_02_22,18_00_10,depot_1er_TDS,0
06_02_22,18_00_33,renouvelement_TDS,0
06_02_22,18_00_54,retrait_TDS,0
06_02_22,18_01_15,retrait_recepisse,0
06_02_22,18_01_36,retrait_DCEM_TVR_TIV,0
06_02_22,18_01_56,regularisation_sejour,0
06_02_22,20_00_12,depot_1er_TDS,0
06_02_22,20_00_33,renouvelement_TDS,0
06_02_22,20_00_54,retrait_TDS,0
06_02_22,20_01_15,retrait_recepisse,0
06_02_22,20_01_35,retrait_DCEM_TVR_TIV,0
06_02_22,20_01_57,regularisation_sejour,0
06_02_22,21_00_10,depot_1er_TDS,0
06_02_22,21_00_31,renouvelement_TDS,0
06_02_22,21_00_52,retrait_TDS,0
06_02_22,21_01_13,retrait_recepisse,0
06_02_22,21_01_34,retrait_DCEM_TVR_TIV,0
06_02_22,21_01_55,regularisation_sejour,0
06_02_22,22_00_10,depot_1er_TDS,0
06_02_22,22_00_31,renouvelement_TDS,0
06_02_22,22_00_51,retrait_TDS,0
06_02_22,22_01_13,retrait_recepisse,0
06_02_22,22_01_34,retrait_DCEM_TVR_TIV,0
06_02_22,22_01_55,regularisation_sejour,0
06_02_22,23_00_12,depot_1er_TDS,0
06_02_22,23_00_32,renouvelement_TDS,0
06_02_22,23_00_53,retrait_TDS,0
06_02_22,23_01_14,retrait_recepisse,0
06_02_22,23_01_35,retrait_DCEM_TVR_TIV,0
06_02_22,23_01_56,regularisation_sejour,0
06_03_22,00_00_11,depot_1er_TDS,0
06_03_22,00_00_32,renouvelement_TDS,0
06_03_22,00_00_52,retrait_TDS,0
06_03_22,00_01_13,retrait_recepisse,0
06_03_22,00_01_34,retrait_DCEM_TVR_TIV,0
06_03_22,00_01_55,regularisation_sejour,0
06_03_22,01_00_10,depot_1er_TDS,0
06_03_22,01_00_31,renouvelement_TDS,0
06_03_22,01_00_52,retrait_TDS,0
06_03_22,01_01_13,retrait_recepisse,0
06_03_22,01_01_34,retrait_DCEM_TVR_TIV,0
06_03_22,01_01_56,regularisation_sejour,0
06_03_22,02_00_09,depot_1er_TDS,0
06_03_22,02_00_30,renouvelement_TDS,0
06_03_22,02_00_50,retrait_TDS,0
06_03_22,02_01_11,retrait_recepisse,0
06_03_22,02_01_32,retrait_DCEM_TVR_TIV,0
06_03_22,02_01_54,regularisation_sejour,0
06_03_22,03_00_11,depot_1er_TDS,0
06_03_22,03_00_31,renouvelement_TDS,0
06_03_22,03_00_52,retrait_TDS,0
06_03_22,03_01_14,retrait_recepisse,0
06_03_22,03_01_34,retrait_DCEM_TVR_TIV,0
06_03_22,03_01_55,regularisation_sejour,0
06_03_22,04_00_09,depot_1er_TDS,0
06_03_22,04_00_30,renouvelement_TDS,0
06_03_22,04_00_52,retrait_TDS,0
06_03_22,04_01_13,retrait_recepisse,0
06_03_22,04_01_34,retrait_DCEM_TVR_TIV,0
06_03_22,04_01_56,regularisation_sejour,0
06_03_22,05_00_09,depot_1er_TDS,0
06_03_22,05_00_30,renouvelement_TDS,0
06_03_22,05_00_51,retrait_TDS,0
06_03_22,05_01_12,retrait_recepisse,0
06_03_22,05_01_33,retrait_DCEM_TVR_TIV,0
06_03_22,05_01_54,regularisation_sejour,0
06_03_22,06_00_10,depot_1er_TDS,0
06_03_22,06_00_32,renouvelement_TDS,0
06_03_22,06_00_53,retrait_TDS,0
06_03_22,06_01_14,retrait_recepisse,0
06_03_22,06_01_35,retrait_DCEM_TVR_TIV,0
06_03_22,06_01_56,regularisation_sejour,0
06_03_22,07_00_11,depot_1er_TDS,0
06_03_22,07_00_32,renouvelement_TDS,0
06_03_22,07_00_53,retrait_TDS,0
06_03_22,07_01_13,retrait_recepisse,0
06_03_22,07_01_36,retrait_DCEM_TVR_TIV,0
06_03_22,07_01_57,regularisation_sejour,0
06_03_22,08_00_13,depot_1er_TDS,0
06_03_22,08_00_34,renouvelement_TDS,0
06_03_22,08_00_56,retrait_TDS,0
06_03_22,08_01_16,retrait_recepisse,0
06_03_22,08_01_38,retrait_DCEM_TVR_TIV,0
06_03_22,08_01_59,regularisation_sejour,0
06_03_22,09_00_10,depot_1er_TDS,0
06_03_22,09_00_31,renouvelement_TDS,0
06_03_22,09_00_52,retrait_TDS,0
06_03_22,09_01_13,retrait_recepisse,0
06_03_22,09_01_34,retrait_DCEM_TVR_TIV,0
06_03_22,09_01_55,regularisation_sejour,0
06_03_22,10_00_13,depot_1er_TDS,0
06_03_22,10_00_35,renouvelement_TDS,0
06_03_22,10_00_55,retrait_TDS,0
06_03_22,10_01_16,retrait_recepisse,0
06_03_22,10_01_37,retrait_DCEM_TVR_TIV,0
06_03_22,10_01_58,regularisation_sejour,0
06_03_22,11_00_10,depot_1er_TDS,0
06_03_22,11_00_32,renouvelement_TDS,0
06_03_22,11_00_54,retrait_TDS,1
06_03_22,11_01_36,retrait_recepisse,0
06_03_22,11_01_56,retrait_DCEM_TVR_TIV,0
06_03_22,11_02_18,regularisation_sejour,0
06_03_22,12_00_10,depot_1er_TDS,0
06_03_22,12_00_31,renouvelement_TDS,0
06_03_22,12_00_52,retrait_TDS,1
06_03_22,12_01_33,retrait_recepisse,0
06_03_22,12_01_54,retrait_DCEM_TVR_TIV,0
06_03_22,12_02_15,regularisation_sejour,0
06_03_22,13_00_11,depot_1er_TDS,0
06_03_22,13_00_33,renouvelement_TDS,0
06_03_22,13_00_55,retrait_TDS,1
06_03_22,13_01_38,retrait_recepisse,0
06_03_22,13_02_00,retrait_DCEM_TVR_TIV,0
06_03_22,13_02_22,regularisation_sejour,0
06_03_22,14_00_11,depot_1er_TDS,0
06_03_22,14_00_33,renouvelement_TDS,0
06_03_22,14_00_54,retrait_TDS,1
06_03_22,14_01_35,retrait_recepisse,0
06_03_22,14_01_57,retrait_DCEM_TVR_TIV,0
06_03_22,14_02_18,regularisation_sejour,0
06_03_22,15_00_11,depot_1er_TDS,0
06_03_22,15_00_32,renouvelement_TDS,0
06_03_22,15_00_53,retrait_TDS,1
06_03_22,15_01_34,retrait_recepisse,0
06_03_22,15_01_55,retrait_DCEM_TVR_TIV,0
06_03_22,15_02_16,regularisation_sejour,0
06_03_22,16_00_12,depot_1er_TDS,0
06_03_22,16_00_33,renouvelement_TDS,0
06_03_22,16_00_54,retrait_TDS,0
06_03_22,16_01_15,retrait_recepisse,0
06_03_22,16_01_37,retrait_DCEM_TVR_TIV,0
06_03_22,16_01_59,regularisation_sejour,0
06_03_22,17_00_11,depot_1er_TDS,0
06_03_22,17_00_32,renouvelement_TDS,0
06_03_22,17_00_53,retrait_TDS,1
06_03_22,17_01_35,retrait_recepisse,0
06_03_22,17_01_56,retrait_DCEM_TVR_TIV,0
06_03_22,17_02_18,regularisation_sejour,0
06_03_22,18_00_11,depot_1er_TDS,0
06_03_22,18_00_32,renouvelement_TDS,0
06_03_22,18_00_53,retrait_TDS,1
06_03_22,18_01_34,retrait_recepisse,0
06_03_22,18_01_55,retrait_DCEM_TVR_TIV,0
06_03_22,18_02_17,regularisation_sejour,0
06_03_22,19_00_10,depot_1er_TDS,0
06_03_22,19_00_32,renouvelement_TDS,0
06_03_22,19_00_52,retrait_TDS,0
06_03_22,19_01_13,retrait_recepisse,0
06_03_22,19_01_35,retrait_DCEM_TVR_TIV,0
06_03_22,19_01_55,regularisation_sejour,0
06_03_22,20_00_13,depot_1er_TDS,0
06_03_22,20_00_34,renouvelement_TDS,0
06_03_22,20_00_55,retrait_TDS,0
06_03_22,20_01_17,retrait_recepisse,0
06_03_22,20_01_37,retrait_DCEM_TVR_TIV,0
06_03_22,20_01_58,regularisation_sejour,0
06_03_22,21_00_13,depot_1er_TDS,0
06_03_22,21_00_34,renouvelement_TDS,0
06_03_22,21_00_55,retrait_TDS,0
06_03_22,21_01_15,retrait_recepisse,0
06_03_22,21_01_36,retrait_DCEM_TVR_TIV,0
06_03_22,21_01_57,regularisation_sejour,0
06_03_22,22_00_10,depot_1er_TDS,0
06_03_22,22_00_31,renouvelement_TDS,0
06_03_22,22_00_52,retrait_TDS,0
06_03_22,22_01_12,retrait_recepisse,0
06_03_22,22_01_33,retrait_DCEM_TVR_TIV,0
06_03_22,22_01_54,regularisation_sejour,0
06_03_22,23_00_09,depot_1er_TDS,0
06_03_22,23_00_30,renouvelement_TDS,0
06_03_22,23_00_51,retrait_TDS,0
06_03_22,23_01_11,retrait_recepisse,0
06_03_22,23_01_32,retrait_DCEM_TVR_TIV,0
06_03_22,23_01_53,regularisation_sejour,0
06_04_22,00_00_10,depot_1er_TDS,0
06_04_22,00_00_31,renouvelement_TDS,0
06_04_22,00_00_53,retrait_TDS,0
06_04_22,00_01_14,retrait_recepisse,0
06_04_22,00_01_36,retrait_DCEM_TVR_TIV,0
06_04_22,00_01_56,regularisation_sejour,0
06_04_22,01_00_11,depot_1er_TDS,0
06_04_22,01_00_31,renouvelement_TDS,0
06_04_22,01_00_53,retrait_TDS,0
06_04_22,01_01_14,retrait_recepisse,0
06_04_22,01_01_35,retrait_DCEM_TVR_TIV,0
06_04_22,01_01_56,regularisation_sejour,0
06_04_22,02_00_09,depot_1er_TDS,0
06_04_22,02_00_30,renouvelement_TDS,0
06_04_22,02_00_50,retrait_TDS,0
06_04_22,02_01_11,retrait_recepisse,0
06_04_22,02_01_32,retrait_DCEM_TVR_TIV,0
06_04_22,02_01_53,regularisation_sejour,0
06_04_22,03_00_10,depot_1er_TDS,0
06_04_22,03_00_32,renouvelement_TDS,0
06_04_22,03_00_54,retrait_TDS,0
06_04_22,03_01_15,retrait_recepisse,0
06_04_22,03_01_37,retrait_DCEM_TVR_TIV,0
06_04_22,03_01_58,regularisation_sejour,0
06_04_22,04_00_10,depot_1er_TDS,0
06_04_22,04_00_31,renouvelement_TDS,0
06_04_22,04_00_52,retrait_TDS,0
06_04_22,04_01_13,retrait_recepisse,0
06_04_22,04_01_34,retrait_DCEM_TVR_TIV,0
06_04_22,04_01_55,regularisation_sejour,0
06_04_22,05_00_10,depot_1er_TDS,0
06_04_22,05_00_31,renouvelement_TDS,0
06_04_22,05_00_52,retrait_TDS,0
06_04_22,05_01_13,retrait_recepisse,0
06_04_22,05_01_34,retrait_DCEM_TVR_TIV,0
06_04_22,05_01_54,regularisation_sejour,0
06_04_22,06_00_10,depot_1er_TDS,0
06_04_22,06_00_33,renouvelement_TDS,0
06_04_22,06_00_54,retrait_TDS,0
06_04_22,06_01_14,retrait_recepisse,0
06_04_22,06_01_38,retrait_DCEM_TVR_TIV,0
06_04_22,06_01_58,regularisation_sejour,0
06_04_22,07_00_09,depot_1er_TDS,0
06_04_22,07_00_30,renouvelement_TDS,0
06_04_22,07_00_51,retrait_TDS,0
06_04_22,07_01_15,retrait_recepisse,0
06_04_22,07_01_36,retrait_DCEM_TVR_TIV,0
06_04_22,07_01_56,regularisation_sejour,0
06_04_22,08_00_09,depot_1er_TDS,0
06_04_22,08_00_29,renouvelement_TDS,0
06_04_22,08_00_53,retrait_TDS,0
06_04_22,08_01_14,retrait_recepisse,0
06_04_22,08_01_34,retrait_DCEM_TVR_TIV,0
06_04_22,08_01_55,regularisation_sejour,0
06_04_22,09_00_12,depot_1er_TDS,0
06_04_22,09_00_33,renouvelement_TDS,0
06_04_22,09_00_54,retrait_TDS,0
06_04_22,09_01_15,retrait_recepisse,0
06_04_22,09_01_36,retrait_DCEM_TVR_TIV,0
06_04_22,09_01_58,regularisation_sejour,0
06_04_22,10_00_16,depot_1er_TDS,0
06_04_22,10_00_37,renouvelement_TDS,0
06_04_22,10_00_58,retrait_TDS,0
06_04_22,10_01_19,retrait_recepisse,0
06_04_22,10_01_40,retrait_DCEM_TVR_TIV,0
06_04_22,10_02_01,regularisation_sejour,0
06_04_22,11_00_15,depot_1er_TDS,0
06_04_22,11_00_36,renouvelement_TDS,0
06_04_22,11_00_57,retrait_TDS,0
06_04_22,11_01_18,retrait_recepisse,0
06_04_22,11_01_40,retrait_DCEM_TVR_TIV,0
06_04_22,11_02_00,regularisation_sejour,0
06_04_22,12_00_12,depot_1er_TDS,0
06_04_22,12_00_33,renouvelement_TDS,0
06_04_22,12_00_53,retrait_TDS,0
06_04_22,12_01_14,retrait_recepisse,0
06_04_22,12_01_36,retrait_DCEM_TVR_TIV,0
06_04_22,12_01_57,regularisation_sejour,0
06_04_22,13_00_09,depot_1er_TDS,0
06_04_22,13_00_30,renouvelement_TDS,0
06_04_22,13_00_53,retrait_TDS,0
06_04_22,13_01_14,retrait_recepisse,0
06_04_22,13_01_35,retrait_DCEM_TVR_TIV,0
06_04_22,13_02_00,regularisation_sejour,0
06_04_22,14_00_10,depot_1er_TDS,0
06_04_22,14_00_31,renouvelement_TDS,0
06_04_22,14_00_51,retrait_TDS,0
06_04_22,14_01_12,retrait_recepisse,0
06_04_22,14_01_33,retrait_DCEM_TVR_TIV,0
06_04_22,14_01_54,regularisation_sejour,0
06_04_22,16_41_30,depot_1er_TDS,0
06_04_22,16_41_53,renouvelement_TDS,0
06_04_22,16_42_14,retrait_TDS,0
06_04_22,16_42_35,retrait_recepisse,0
06_04_22,16_42_56,retrait_DCEM_TVR_TIV,0
06_04_22,16_43_17,regularisation_sejour,0
06_04_22,17_00_09,depot_1er_TDS,0
06_04_22,17_00_31,renouvelement_TDS,0
06_04_22,17_00_52,retrait_TDS,0
06_04_22,17_01_15,retrait_recepisse,0
06_04_22,17_01_36,retrait_DCEM_TVR_TIV,0
06_04_22,17_01_58,regularisation_sejour,0
06_04_22,18_00_09,depot_1er_TDS,0
06_04_22,18_00_31,renouvelement_TDS,0
06_04_22,18_00_52,retrait_TDS,0
06_04_22,18_01_15,retrait_recepisse,0
06_04_22,18_01_37,retrait_DCEM_TVR_TIV,0
06_04_22,18_01_58,regularisation_sejour,0
06_04_22,19_00_08,depot_1er_TDS,0
06_04_22,19_00_30,renouvelement_TDS,0
06_04_22,19_00_51,retrait_TDS,0
06_04_22,19_01_13,retrait_recepisse,0
06_04_22,19_01_34,retrait_DCEM_TVR_TIV,0
06_04_22,19_01_58,regularisation_sejour,0
06_04_22,21_00_11,depot_1er_TDS,0
06_04_22,21_00_32,renouvelement_TDS,0
06_04_22,21_00_52,retrait_TDS,0
06_04_22,21_01_15,retrait_recepisse,0
06_04_22,21_01_36,retrait_DCEM_TVR_TIV,0
06_04_22,21_01_57,regularisation_sejour,0
06_04_22,22_00_09,depot_1er_TDS,0
06_04_22,22_00_30,renouvelement_TDS,0
06_04_22,22_00_52,retrait_TDS,0
06_04_22,22_01_13,retrait_recepisse,0
06_04_22,22_01_35,retrait_DCEM_TVR_TIV,0
06_04_22,22_01_57,regularisation_sejour,0
06_04_22,23_00_11,depot_1er_TDS,0
06_04_22,23_00_32,renouvelement_TDS,0
06_04_22,23_00_52,retrait_TDS,0
06_04_22,23_01_17,retrait_recepisse,0
06_04_22,23_01_38,retrait_DCEM_TVR_TIV,0
06_04_22,23_01_59,regularisation_sejour,0
06_05_22,00_00_09,depot_1er_TDS,0
06_05_22,00_00_30,renouvelement_TDS,0
06_05_22,00_00_52,retrait_TDS,0
06_05_22,00_01_13,retrait_recepisse,0
06_05_22,00_01_35,retrait_DCEM_TVR_TIV,0
06_05_22,00_01_57,regularisation_sejour,0
06_05_22,15_15_58,depot_1er_TDS,0
06_05_22,15_16_19,renouvelement_TDS,0
06_05_22,15_16_40,retrait_TDS,0
06_05_22,15_17_01,retrait_recepisse,0
06_05_22,15_17_22,retrait_DCEM_TVR_TIV,0
06_05_22,15_17_43,regularisation_sejour,0
06_05_22,16_00_08,depot_1er_TDS,0
06_05_22,16_00_29,renouvelement_TDS,0
06_05_22,16_00_50,retrait_TDS,0
06_05_22,16_01_12,retrait_recepisse,0
06_05_22,16_01_33,retrait_DCEM_TVR_TIV,0
06_05_22,16_01_54,regularisation_sejour,0
